Names,Noms,Type,PV,Attaque,Attaque Spéciale,Défense,Défense Spéciale,Vitesse,Génération,Somme Stats,Moyenne Statistique
Bulbasaur,Bulbizarre,"['Plante', 'Poison']",45,49,65,49,65,45,1,318.0,53.0
Ivysaur,Herbizarre,"['Plante', 'Poison']",60,62,80,63,80,60,1,405.0,67.5
Venusaur,Florizarre,"['Plante', 'Poison']",80,82,100,83,100,80,1,525.0,87.5
Charmander,Salamèche,['Feu'],39,52,60,43,50,65,1,309.0,51.5
Charmeleon,Reptincel,['Feu'],58,64,80,58,65,80,1,405.0,67.5
Charizard,Dracaufeu,"['Feu', 'Vol']",78,84,109,78,85,100,1,534.0,89.0
Squirtle,Carapuce,['Eau'],44,48,50,65,64,43,1,314.0,52.33
Wartortle,Carabaffe,['Eau'],59,63,65,80,80,58,1,405.0,67.5
Blastoise,Tortank,['Eau'],79,83,85,100,105,78,1,530.0,88.33
Caterpie,Chenipan,['Insecte'],45,30,20,35,20,45,1,195.0,32.5
Metapod,Chrysacier,['Insecte'],50,20,25,55,25,30,1,205.0,34.17
Butterfree,Papilusion,"['Insecte', 'Vol']",60,45,90,50,80,70,1,395.0,65.83
Weedle,Aspicot,"['Insecte', 'Poison']",40,35,20,30,20,50,1,195.0,32.5
Kakuna,Coconfort,"['Insecte', 'Poison']",45,25,25,50,25,35,1,205.0,34.17
Beedrill,Dardargnan,"['Insecte', 'Poison']",65,90,45,40,80,75,1,395.0,65.83
Pidgey,Roucool,"['Normal', 'Vol']",40,45,35,40,35,56,1,251.0,41.83
Pidgeotto,Roucoups,"['Normal', 'Vol']",63,60,50,55,50,71,1,349.0,58.17
Pidgeot,Roucarnage,"['Normal', 'Vol']",83,80,70,75,70,101,1,479.0,79.83
Rattata,Rattata,['Normal'],30,56,25,35,35,72,1,253.0,42.17
Raticate,Rattatac,['Normal'],55,81,50,60,70,97,1,413.0,68.83
Spearow,Piafabec,"['Normal', 'Vol']",40,60,31,30,31,70,1,262.0,43.67
Fearow,Rapasdepic,"['Normal', 'Vol']",65,90,61,65,61,100,1,442.0,73.67
Ekans,Abo,['Poison'],35,60,40,44,54,55,1,288.0,48.0
Arbok,Arbok,['Poison'],60,95,65,69,79,80,1,448.0,74.67
Pikachu,Pikachu,['Électrik'],35,55,50,40,50,90,1,320.0,53.33
Raichu,Raichu,['Électrik'],60,90,90,55,80,110,1,485.0,80.83
Sandshrew,Sabelette,['Sol'],50,75,20,85,30,40,1,300.0,50.0
Sandslash,Sablaireau,['Sol'],75,100,45,110,55,65,1,450.0,75.0
Nidoran♀,Nidoran♀,['Poison'],55,47,40,52,40,41,1,275.0,45.83
Nidorina,Nidorina,['Poison'],70,62,55,67,55,56,1,365.0,60.83
Nidoqueen,Nidoqueen,"['Poison', 'Sol']",90,92,75,87,85,76,1,505.0,84.17
Nidoran♂,Nidoran♂,['Poison'],46,57,40,40,40,50,1,273.0,45.5
Nidorino,Nidorino,['Poison'],61,72,55,57,55,65,1,365.0,60.83
Nidoking,Nidoking,"['Poison', 'Sol']",81,102,85,77,75,85,1,505.0,84.17
Clefairy,Mélofée,['Fée'],70,45,60,48,65,35,1,323.0,53.83
Clefable,Mélodelfe,['Fée'],95,70,95,73,90,60,1,483.0,80.5
Vulpix,Goupix,['Feu'],38,41,50,40,65,65,1,299.0,49.83
Ninetales,Feunard,['Feu'],73,76,81,75,100,100,1,505.0,84.17
Jigglypuff,Rondoudou,"['Normal', 'Fée']",115,45,45,20,25,20,1,270.0,45.0
Wigglytuff,Grodoudou,"['Normal', 'Fée']",140,70,85,45,50,45,1,435.0,72.5
Zubat,Nosferapti,"['Poison', 'Vol']",40,45,30,35,40,55,1,245.0,40.83
Golbat,Nosferalto,"['Poison', 'Vol']",75,80,65,70,75,90,1,455.0,75.83
Oddish,Mystherbe,"['Plante', 'Poison']",45,50,75,55,65,30,1,320.0,53.33
Gloom,Ortide,"['Plante', 'Poison']",60,65,85,70,75,40,1,395.0,65.83
Vileplume,Rafflesia,"['Plante', 'Poison']",75,80,110,85,90,50,1,490.0,81.67
Paras,Paras,"['Insecte', 'Plante']",35,70,45,55,55,25,1,285.0,47.5
Parasect,Parasect,"['Insecte', 'Plante']",60,95,60,80,80,30,1,405.0,67.5
Venonat,Mimitoss,"['Insecte', 'Poison']",60,55,40,50,55,45,1,305.0,50.83
Venomoth,Aéromite,"['Insecte', 'Poison']",70,65,90,60,75,90,1,450.0,75.0
Diglett,Taupiqueur,['Sol'],10,55,35,25,45,95,1,265.0,44.17
Dugtrio,Triopikeur,['Sol'],35,100,50,50,70,120,1,425.0,70.83
Meowth,Miaouss,['Normal'],40,45,40,35,40,90,1,290.0,48.33
Persian,Persian,['Normal'],65,70,65,60,65,115,1,440.0,73.33
Psyduck,Psykokwak,['Eau'],50,52,65,48,50,55,1,320.0,53.33
Golduck,Akwakwak,['Eau'],80,82,95,78,80,85,1,500.0,83.33
Mankey,Férosinge,['Combat'],40,80,35,35,45,70,1,305.0,50.83
Primeape,Colossinge,['Combat'],65,105,60,60,70,95,1,455.0,75.83
Growlithe,Caninos,['Feu'],55,70,70,45,50,60,1,350.0,58.33
Arcanine,Arcanin,['Feu'],90,110,100,80,80,95,1,555.0,92.5
Poliwag,Ptitard,['Eau'],40,50,40,40,40,90,1,300.0,50.0
Poliwhirl,Têtarte,['Eau'],65,65,50,65,50,90,1,385.0,64.17
Poliwrath,Tartard,"['Eau', 'Combat']",90,95,70,95,90,70,1,510.0,85.0
Abra,Abra,['Psy'],25,20,105,15,55,90,1,310.0,51.67
Kadabra,Kadabra,['Psy'],40,35,120,30,70,105,1,400.0,66.67
Alakazam,Alakazam,['Psy'],55,50,135,45,95,120,1,500.0,83.33
Machop,Machoc,['Combat'],70,80,35,50,35,35,1,305.0,50.83
Machoke,Machopeur,['Combat'],80,100,50,70,60,45,1,405.0,67.5
Machamp,Mackogneur,['Combat'],90,130,65,80,85,55,1,505.0,84.17
Bellsprout,Chétiflor,"['Plante', 'Poison']",50,75,70,35,30,40,1,300.0,50.0
Weepinbell,Boustiflor,"['Plante', 'Poison']",65,90,85,50,45,55,1,390.0,65.0
Victreebel,Empiflor,"['Plante', 'Poison']",80,105,100,65,70,70,1,490.0,81.67
Tentacool,Tentacool,"['Eau', 'Poison']",40,40,50,35,100,70,1,335.0,55.83
Tentacruel,Tentacruel,"['Eau', 'Poison']",80,70,80,65,120,100,1,515.0,85.83
Geodude,Racaillou,"['Roche', 'Sol']",40,80,30,100,30,20,1,300.0,50.0
Graveler,Gravalanch,"['Roche', 'Sol']",55,95,45,115,45,35,1,390.0,65.0
Golem,Grolem,"['Roche', 'Sol']",80,120,55,130,65,45,1,495.0,82.5
Ponyta,Ponyta,['Feu'],50,85,65,55,65,90,1,410.0,68.33
Rapidash,Galopa,['Feu'],65,100,80,70,80,105,1,500.0,83.33
Slowpoke,Ramoloss,"['Eau', 'Psy']",90,65,40,65,40,15,1,315.0,52.5
Slowbro,Flagadoss,"['Eau', 'Psy']",95,75,100,110,80,30,1,490.0,81.67
Magnemite,Magnéti,"['Électrik', 'Acier']",25,35,95,70,55,45,1,325.0,54.17
Magneton,Magnéton,"['Électrik', 'Acier']",50,60,120,95,70,70,1,465.0,77.5
Farfetch'd,Canarticho,"['Normal', 'Vol']",52,90,58,55,62,60,1,377.0,62.83
Doduo,Doduo,"['Normal', 'Vol']",35,85,35,45,35,75,1,310.0,51.67
Dodrio,Dodrio,"['Normal', 'Vol']",60,110,60,70,60,110,1,470.0,78.33
Seel,Otaria,['Eau'],65,45,45,55,70,45,1,325.0,54.17
Dewgong,Lamantine,"['Eau', 'Glace']",90,70,70,80,95,70,1,475.0,79.17
Grimer,Tadmorv,['Poison'],80,80,40,50,50,25,1,325.0,54.17
Muk,Grotadmorv,['Poison'],105,105,65,75,100,50,1,500.0,83.33
Shellder,Kokiyas,['Eau'],30,65,45,100,25,40,1,305.0,50.83
Cloyster,Crustabri,"['Eau', 'Glace']",50,95,85,180,45,70,1,525.0,87.5
Gastly,Fantominus,"['Spectre', 'Poison']",30,35,100,30,35,80,1,310.0,51.67
Haunter,Spectrum,"['Spectre', 'Poison']",45,50,115,45,55,95,1,405.0,67.5
Gengar,Ectoplasma,"['Spectre', 'Poison']",60,65,130,60,75,110,1,500.0,83.33
Onix,Onix,"['Roche', 'Sol']",35,45,30,160,45,70,1,385.0,64.17
Drowzee,Soporifik,['Psy'],60,48,43,45,90,42,1,328.0,54.67
Hypno,Hypnomade,['Psy'],85,73,73,70,115,67,1,483.0,80.5
Krabby,Krabby,['Eau'],30,105,25,90,25,50,1,325.0,54.17
Kingler,Krabboss,['Eau'],55,130,50,115,50,75,1,475.0,79.17
Voltorb,Voltorbe,['Électrik'],40,30,55,50,55,100,1,330.0,55.0
Electrode,Électrode,['Électrik'],60,50,80,70,80,150,1,490.0,81.67
Exeggcute,Noeunoeuf,"['Plante', 'Psy']",60,40,60,80,45,40,1,325.0,54.17
Exeggutor,Noadkoko,"['Plante', 'Psy']",95,95,125,85,75,55,1,530.0,88.33
Cubone,Osselait,['Sol'],50,50,40,95,50,35,1,320.0,53.33
Marowak,Ossatueur,['Sol'],60,80,50,110,80,45,1,425.0,70.83
Hitmonlee,Kicklee,['Combat'],50,120,35,53,110,87,1,455.0,75.83
Hitmonchan,Tygnon,['Combat'],50,105,35,79,110,76,1,455.0,75.83
Lickitung,Excelangue,['Normal'],90,55,60,75,75,30,1,385.0,64.17
Koffing,Smogo,['Poison'],40,65,60,95,45,35,1,340.0,56.67
Weezing,Smogogo,['Poison'],65,90,85,120,70,60,1,490.0,81.67
Rhyhorn,Rhinocorne,"['Sol', 'Roche']",80,85,30,95,30,25,1,345.0,57.5
Rhydon,Rhinoféros,"['Sol', 'Roche']",105,130,45,120,45,40,1,485.0,80.83
Chansey,Leveinard,['Normal'],250,5,35,5,105,50,1,450.0,75.0
Tangela,Saquedeneu,['Plante'],65,55,100,115,40,60,1,435.0,72.5
Kangaskhan,Kangourex,['Normal'],105,95,40,80,80,90,1,490.0,81.67
Horsea,Hypotrempe,['Eau'],30,40,70,70,25,60,1,295.0,49.17
Seadra,Hypocéan,['Eau'],55,65,95,95,45,85,1,440.0,73.33
Goldeen,Poissirène,['Eau'],45,67,35,60,50,63,1,320.0,53.33
Seaking,Poissoroy,['Eau'],80,92,65,65,80,68,1,450.0,75.0
Staryu,Stari,['Eau'],30,45,70,55,55,85,1,340.0,56.67
Starmie,Staross,"['Eau', 'Psy']",60,75,100,85,85,115,1,520.0,86.67
Mr. Mime,M. Mime,"['Psy', 'Fée']",40,45,100,65,120,90,1,460.0,76.67
Scyther,Insécateur,"['Insecte', 'Vol']",70,110,55,80,80,105,1,500.0,83.33
Jynx,Lippoutou,"['Glace', 'Psy']",65,50,115,35,95,95,1,455.0,75.83
Electabuzz,Élektek,['Électrik'],65,83,95,57,85,105,1,490.0,81.67
Magmar,Magmar,['Feu'],65,95,100,57,85,93,1,495.0,82.5
Pinsir,Scarabrute,['Insecte'],65,125,55,100,70,85,1,500.0,83.33
Tauros,Tauros,['Normal'],75,100,40,95,70,110,1,490.0,81.67
Magikarp,Magicarpe,['Eau'],20,10,15,55,20,80,1,200.0,33.33
Gyarados,Léviator,"['Eau', 'Vol']",95,125,60,79,100,81,1,540.0,90.0
Lapras,Lokhlass,"['Eau', 'Glace']",130,85,85,80,95,60,1,535.0,89.17
Ditto,Métamorph,['Normal'],48,48,48,48,48,48,1,288.0,48.0
Eevee,Évoli,['Normal'],55,55,45,50,65,55,1,325.0,54.17
Vaporeon,Aquali,['Eau'],130,65,110,60,95,65,1,525.0,87.5
Jolteon,Voltali,['Électrik'],65,65,110,60,95,130,1,525.0,87.5
Flareon,Pyroli,['Feu'],65,130,95,60,110,65,1,525.0,87.5
Porygon,Porygon,['Normal'],65,60,85,70,75,40,1,395.0,65.83
Omanyte,Amonita,"['Roche', 'Eau']",35,40,90,100,55,35,1,355.0,59.17
Omastar,Amonistar,"['Roche', 'Eau']",70,60,115,125,70,55,1,495.0,82.5
Kabuto,Kabuto,"['Roche', 'Eau']",30,80,55,90,45,55,1,355.0,59.17
Kabutops,Kabutops,"['Roche', 'Eau']",60,115,65,105,70,80,1,495.0,82.5
Aerodactyl,Ptéra,"['Roche', 'Vol']",80,105,60,65,75,130,1,515.0,85.83
Snorlax,Ronflex,['Normal'],160,110,65,65,110,30,1,540.0,90.0
Articuno,Artikodin,"['Glace', 'Vol']",90,85,95,100,125,85,1,580.0,96.67
Zapdos,Électhor,"['Électrik', 'Vol']",90,90,125,85,90,100,1,580.0,96.67
Moltres,Sulfura,"['Feu', 'Vol']",90,100,125,90,85,90,1,580.0,96.67
Dratini,Minidraco,['Dragon'],41,64,50,45,50,50,1,300.0,50.0
Dragonair,Draco,['Dragon'],61,84,70,65,70,70,1,420.0,70.0
Dragonite,Dracolosse,"['Dragon', 'Vol']",91,134,100,95,100,80,1,600.0,100.0
Mewtwo,Mewtwo,['Psy'],106,110,154,90,90,130,1,680.0,113.33
Mew,Mew,['Psy'],100,100,100,100,100,100,1,600.0,100.0
Chikorita,Germignon,['Plante'],45,49,49,65,65,45,2,318.0,53.0
Bayleef,Macronium,['Plante'],60,62,63,80,80,60,2,405.0,67.5
Meganium,Méganium,['Plante'],80,82,83,100,100,80,2,525.0,87.5
Cyndaquil,Héricendre,['Feu'],39,52,60,43,50,65,2,309.0,51.5
Quilava,Feurisson,['Feu'],58,64,80,58,65,80,2,405.0,67.5
Typhlosion,Typhlosion,['Feu'],78,84,109,78,85,100,2,534.0,89.0
Totodile,Kaiminus,['Eau'],50,65,44,64,48,43,2,314.0,52.33
Croconaw,Crocrodil,['Eau'],65,80,59,80,63,58,2,405.0,67.5
Feraligatr,Aligatueur,['Eau'],85,105,79,100,83,78,2,530.0,88.33
Sentret,Fouinette,['Normal'],35,46,35,34,45,20,2,215.0,35.83
Furret,Fouinar,['Normal'],85,76,45,64,55,90,2,415.0,69.17
Hoothoot,Hoothoot,"['Normal', 'Vol']",60,30,36,30,56,50,2,262.0,43.67
Noctowl,Noarfang,"['Normal', 'Vol']",100,50,86,50,96,70,2,452.0,75.33
Ledyba,Coxy,"['Insecte', 'Vol']",40,20,40,30,80,55,2,265.0,44.17
Ledian,Coxyclaque,"['Insecte', 'Vol']",55,35,55,50,110,85,2,390.0,65.0
Spinarak,Mimigal,"['Insecte', 'Poison']",40,60,40,40,40,30,2,250.0,41.67
Ariados,Migalos,"['Insecte', 'Poison']",70,90,60,70,70,40,2,400.0,66.67
Crobat,Nostenfer,"['Poison', 'Vol']",85,90,70,80,80,130,2,535.0,89.17
Chinchou,Loupio,"['Eau', 'Électrik']",75,38,56,38,56,67,2,330.0,55.0
Lanturn,Lanturn,"['Eau', 'Électrik']",125,58,76,58,76,67,2,460.0,76.67
Pichu,Pichu,['Électrik'],20,40,35,15,35,60,2,205.0,34.17
Cleffa,Mélo,['Fée'],50,25,45,28,55,15,2,218.0,36.33
Igglybuff,Toudoudou,"['Normal', 'Fée']",90,30,40,15,20,15,2,210.0,35.0
Togepi,Togepi,['Fée'],35,20,40,65,65,20,2,245.0,40.83
Togetic,Togetic,"['Fée', 'Vol']",55,40,80,85,105,40,2,405.0,67.5
Natu,Natu,"['Psy', 'Vol']",40,50,70,45,45,70,2,320.0,53.33
Xatu,Xatu,"['Psy', 'Vol']",65,75,95,70,70,95,2,470.0,78.33
Mareep,Wattouat,['Électrik'],55,40,65,40,45,35,2,280.0,46.67
Flaaffy,Lainergie,['Électrik'],70,55,80,55,60,45,2,365.0,60.83
Ampharos,Pharamp,['Électrik'],90,75,115,85,90,55,2,510.0,85.0
Bellossom,Joliflor,['Plante'],75,80,90,95,100,50,2,490.0,81.67
Marill,Marill,"['Eau', 'Fée']",70,20,20,50,50,40,2,250.0,41.67
Azumarill,Azumarill,"['Eau', 'Fée']",100,50,60,80,80,50,2,420.0,70.0
Sudowoodo,Simularbre,['Roche'],70,100,30,115,65,30,2,410.0,68.33
Politoed,Tarpaud,['Eau'],90,75,90,75,100,70,2,500.0,83.33
Hoppip,Granivol,"['Plante', 'Vol']",35,35,35,40,55,50,2,250.0,41.67
Skiploom,Floravol,"['Plante', 'Vol']",55,45,45,50,65,80,2,340.0,56.67
Jumpluff,Cotovol,"['Plante', 'Vol']",75,55,55,70,95,110,2,460.0,76.67
Aipom,Capumain,['Normal'],55,70,40,55,55,85,2,360.0,60.0
Sunkern,Tournegrin,['Plante'],30,30,30,30,30,30,2,180.0,30.0
Sunflora,Héliatronc,['Plante'],75,75,105,55,85,30,2,425.0,70.83
Yanma,Yanma,"['Insecte', 'Vol']",65,65,75,45,45,95,2,390.0,65.0
Wooper,Axoloto,"['Eau', 'Sol']",55,45,25,45,25,15,2,210.0,35.0
Quagsire,Maraiste,"['Eau', 'Sol']",95,85,65,85,65,35,2,430.0,71.67
Espeon,Mentali,['Psy'],65,65,130,60,95,110,2,525.0,87.5
Umbreon,Noctali,['Ténèbres'],95,65,60,110,130,65,2,525.0,87.5
Murkrow,Cornèbre,"['Ténèbres', 'Vol']",60,85,85,42,42,91,2,405.0,67.5
Slowking,Roigada,"['Eau', 'Psy']",95,75,100,80,110,30,2,490.0,81.67
Misdreavus,Feuforêve,['Spectre'],60,60,85,60,85,85,2,435.0,72.5
Unown,Zarbi,['Psy'],48,72,72,48,48,48,2,336.0,56.0
Wobbuffet,Qulbutoké,['Psy'],190,33,33,58,58,33,2,405.0,67.5
Girafarig,Girafarig,"['Normal', 'Psy']",70,80,90,65,65,85,2,455.0,75.83
Pineco,Pomdepik,['Insecte'],50,65,35,90,35,15,2,290.0,48.33
Forretress,Foretress,"['Insecte', 'Acier']",75,90,60,140,60,40,2,465.0,77.5
Dunsparce,Insolourdo,['Normal'],100,70,65,70,65,45,2,415.0,69.17
Gligar,Scorplane,"['Sol', 'Vol']",65,75,35,105,65,85,2,430.0,71.67
Steelix,Steelix,"['Acier', 'Sol']",75,85,55,200,65,30,2,510.0,85.0
Snubbull,Snubbull,['Fée'],60,80,40,50,40,30,2,300.0,50.0
Granbull,Granbull,['Fée'],90,120,60,75,60,45,2,450.0,75.0
Qwilfish,Qwilfish,"['Eau', 'Poison']",65,95,55,85,55,85,2,440.0,73.33
Scizor,Cizayox,"['Insecte', 'Acier']",70,130,55,100,80,65,2,500.0,83.33
Shuckle,Caratroc,"['Insecte', 'Roche']",20,10,10,230,230,5,2,505.0,84.17
Heracross,Scarhino,"['Insecte', 'Combat']",80,125,40,75,95,85,2,500.0,83.33
Sneasel,Farfuret,"['Ténèbres', 'Glace']",55,95,35,55,75,115,2,430.0,71.67
Teddiursa,Teddiursa,['Normal'],60,80,50,50,50,40,2,330.0,55.0
Ursaring,Ursaring,['Normal'],90,130,75,75,75,55,2,500.0,83.33
Slugma,Limagma,['Feu'],40,40,70,40,40,20,2,250.0,41.67
Magcargo,Volcaropod,"['Feu', 'Roche']",60,50,90,120,80,30,2,430.0,71.67
Swinub,Marcacrin,"['Glace', 'Sol']",50,50,30,40,30,50,2,250.0,41.67
Piloswine,Cochignon,"['Glace', 'Sol']",100,100,60,80,60,50,2,450.0,75.0
Corsola,Corayon,"['Eau', 'Roche']",65,55,65,95,95,35,2,410.0,68.33
Remoraid,Rémoraid,['Eau'],35,65,65,35,35,65,2,300.0,50.0
Octillery,Octillery,['Eau'],75,105,105,75,75,45,2,480.0,80.0
Delibird,Cadoizo,"['Glace', 'Vol']",45,55,65,45,45,75,2,330.0,55.0
Mantine,Démanta,"['Eau', 'Vol']",85,40,80,70,140,70,2,485.0,80.83
Skarmory,Airmure,"['Acier', 'Vol']",65,80,40,140,70,70,2,465.0,77.5
Houndour,Malosse,"['Ténèbres', 'Feu']",45,60,80,30,50,65,2,330.0,55.0
Houndoom,Démolosse,"['Ténèbres', 'Feu']",75,90,110,50,80,95,2,500.0,83.33
Kingdra,Hyporoi,"['Eau', 'Dragon']",75,95,95,95,95,85,2,540.0,90.0
Phanpy,Phanpy,['Sol'],90,60,40,60,40,40,2,330.0,55.0
Donphan,Donphan,['Sol'],90,120,60,120,60,50,2,500.0,83.33
Porygon2,Porygon2,['Normal'],85,80,105,90,95,60,2,515.0,85.83
Stantler,Cerfrousse,['Normal'],73,95,85,62,65,85,2,465.0,77.5
Smeargle,Queulorior,['Normal'],55,20,20,35,45,75,2,250.0,41.67
Tyrogue,Debugant,['Combat'],35,35,35,35,35,35,2,210.0,35.0
Hitmontop,Kapoera,['Combat'],50,95,35,95,110,70,2,455.0,75.83
Smoochum,Lippouti,"['Glace', 'Psy']",45,30,85,15,65,65,2,305.0,50.83
Elekid,Élekid,['Électrik'],45,63,65,37,55,95,2,360.0,60.0
Magby,Magby,['Feu'],45,75,70,37,55,83,2,365.0,60.83
Miltank,Écrémeuh,['Normal'],95,80,40,105,70,100,2,490.0,81.67
Blissey,Leuphorie,['Normal'],255,10,75,10,135,55,2,540.0,90.0
Raikou,Raikou,['Électrik'],90,85,115,75,100,115,2,580.0,96.67
Entei,Entei,['Feu'],115,115,90,85,75,100,2,580.0,96.67
Suicune,Suicune,['Eau'],100,75,90,115,115,85,2,580.0,96.67
Larvitar,Embrylex,"['Roche', 'Sol']",50,64,45,50,50,41,2,300.0,50.0
Pupitar,Ymphect,"['Roche', 'Sol']",70,84,65,70,70,51,2,410.0,68.33
Tyranitar,Tyranocif,"['Roche', 'Ténèbres']",100,134,95,110,100,61,2,600.0,100.0
Lugia,Lugia,"['Psy', 'Vol']",106,90,90,130,154,110,2,680.0,113.33
Ho-Oh,Ho-Oh,"['Feu', 'Vol']",106,130,110,90,154,90,2,680.0,113.33
Celebi,Celebi,"['Psy', 'Plante']",100,100,100,100,100,100,2,600.0,100.0
Treecko,Arcko,['Plante'],40,45,65,35,55,70,3,310.0,51.67
Grovyle,Massko,['Plante'],50,65,85,45,65,95,3,405.0,67.5
Sceptile,Jungko,['Plante'],70,85,105,65,85,120,3,530.0,88.33
Torchic,Poussifeu,['Feu'],45,60,70,40,50,45,3,310.0,51.67
Combusken,Galifeu,"['Feu', 'Combat']",60,85,85,60,60,55,3,405.0,67.5
Blaziken,Braségali,"['Feu', 'Combat']",80,120,110,70,70,80,3,530.0,88.33
Mudkip,Gobou,['Eau'],50,70,50,50,50,40,3,310.0,51.67
Marshtomp,Flobio,"['Eau', 'Sol']",70,85,60,70,70,50,3,405.0,67.5
Swampert,Laggron,"['Eau', 'Sol']",100,110,85,90,90,60,3,535.0,89.17
Poochyena,Medhyèna,['Ténèbres'],35,55,30,35,30,35,3,220.0,36.67
Mightyena,Grahyèna,['Ténèbres'],70,90,60,70,60,70,3,420.0,70.0
Zigzagoon,Zigzaton,['Normal'],38,30,30,41,41,60,3,240.0,40.0
Linoone,Linéon,['Normal'],78,70,50,61,61,100,3,420.0,70.0
Wurmple,Chenipotte,['Insecte'],45,45,20,35,30,20,3,195.0,32.5
Silcoon,Armulys,['Insecte'],50,35,25,55,25,15,3,205.0,34.17
Beautifly,Charmillon,"['Insecte', 'Vol']",60,70,100,50,50,65,3,395.0,65.83
Cascoon,Blindalys,['Insecte'],50,35,25,55,25,15,3,205.0,34.17
Dustox,Papinox,"['Insecte', 'Poison']",60,50,50,70,90,65,3,385.0,64.17
Lotad,Nénupiot,"['Eau', 'Plante']",40,30,40,30,50,30,3,220.0,36.67
Lombre,Lombre,"['Eau', 'Plante']",60,50,60,50,70,50,3,340.0,56.67
Ludicolo,Ludicolo,"['Eau', 'Plante']",80,70,90,70,100,70,3,480.0,80.0
Seedot,Grainipiot,['Plante'],40,40,30,50,30,30,3,220.0,36.67
Nuzleaf,Pifeuil,"['Plante', 'Ténèbres']",70,70,60,40,40,60,3,340.0,56.67
Shiftry,Tengalice,"['Plante', 'Ténèbres']",90,100,90,60,60,80,3,480.0,80.0
Taillow,Nirondelle,"['Normal', 'Vol']",40,55,30,30,30,85,3,270.0,45.0
Swellow,Hélédelle,"['Normal', 'Vol']",60,85,75,60,50,125,3,455.0,75.83
Wingull,Goélise,"['Eau', 'Vol']",40,30,55,30,30,85,3,270.0,45.0
Pelipper,Bekipan,"['Eau', 'Vol']",60,50,95,100,70,65,3,440.0,73.33
Ralts,Tarsal,"['Psy', 'Fée']",28,25,45,25,35,40,3,198.0,33.0
Kirlia,Kirlia,"['Psy', 'Fée']",38,35,65,35,55,50,3,278.0,46.33
Gardevoir,Gardevoir,"['Psy', 'Fée']",68,65,125,65,115,80,3,518.0,86.33
Surskit,Arakdo,"['Insecte', 'Eau']",40,30,50,32,50,65,3,267.0,44.5
Masquerain,Maskadra,"['Insecte', 'Vol']",70,60,100,62,82,80,3,454.0,75.67
Shroomish,Balignon,['Plante'],60,40,40,60,60,35,3,295.0,49.17
Breloom,Chapignon,"['Plante', 'Combat']",60,130,60,80,60,70,3,460.0,76.67
Slakoth,Parecool,['Normal'],60,60,35,60,35,30,3,280.0,46.67
Vigoroth,Vigoroth,['Normal'],80,80,55,80,55,90,3,440.0,73.33
Slaking,Monaflèmit,['Normal'],150,160,95,100,65,100,3,670.0,111.67
Nincada,Ningale,"['Insecte', 'Sol']",31,45,30,90,30,40,3,266.0,44.33
Ninjask,Ninjask,"['Insecte', 'Vol']",61,90,50,45,50,160,3,456.0,76.0
Shedinja,Munja,"['Insecte', 'Spectre']",1,90,30,45,30,40,3,236.0,39.33
Whismur,Chuchmur,['Normal'],64,51,51,23,23,28,3,240.0,40.0
Loudred,Ramboum,['Normal'],84,71,71,43,43,48,3,360.0,60.0
Exploud,Brouhabam,['Normal'],104,91,91,63,73,68,3,490.0,81.67
Makuhita,Makuhita,['Combat'],72,60,20,30,30,25,3,237.0,39.5
Hariyama,Hariyama,['Combat'],144,120,40,60,60,50,3,474.0,79.0
Azurill,Azurill,"['Normal', 'Fée']",50,20,20,40,40,20,3,190.0,31.67
Nosepass,Tarinor,['Roche'],30,45,45,135,90,30,3,375.0,62.5
Skitty,Skitty,['Normal'],50,45,35,45,35,50,3,260.0,43.33
Delcatty,Delcatty,['Normal'],70,65,55,65,55,90,3,400.0,66.67
Sableye,Ténéfix,"['Ténèbres', 'Spectre']",50,75,65,75,65,50,3,380.0,63.33
Mawile,Mysdibule,"['Acier', 'Fée']",50,85,55,85,55,50,3,380.0,63.33
Aron,Galekid,"['Acier', 'Roche']",50,70,40,100,40,30,3,330.0,55.0
Lairon,Galegon,"['Acier', 'Roche']",60,90,50,140,50,40,3,430.0,71.67
Aggron,Galeking,"['Acier', 'Roche']",70,110,60,180,60,50,3,530.0,88.33
Meditite,Méditikka,"['Combat', 'Psy']",30,40,40,55,55,60,3,280.0,46.67
Medicham,Charmina,"['Combat', 'Psy']",60,60,60,75,75,80,3,410.0,68.33
Electrike,Dynavolt,['Électrik'],40,45,65,40,40,65,3,295.0,49.17
Manectric,Élecsprint,['Électrik'],70,75,105,60,60,105,3,475.0,79.17
Plusle,Posipi,['Électrik'],60,50,85,40,75,95,3,405.0,67.5
Minun,Négapi,['Électrik'],60,40,75,50,85,95,3,405.0,67.5
Volbeat,Muciole,['Insecte'],65,73,47,75,85,85,3,430.0,71.67
Illumise,Lumivole,['Insecte'],65,47,73,75,85,85,3,430.0,71.67
Roselia,Rosélia,"['Plante', 'Poison']",50,60,100,45,80,65,3,400.0,66.67
Gulpin,Gloupti,['Poison'],70,43,43,53,53,40,3,302.0,50.33
Swalot,Avaltout,['Poison'],100,73,73,83,83,55,3,467.0,77.83
Carvanha,Carvanha,"['Eau', 'Ténèbres']",45,90,65,20,20,65,3,305.0,50.83
Sharpedo,Sharpedo,"['Eau', 'Ténèbres']",70,120,95,40,40,95,3,460.0,76.67
Wailmer,Wailmer,['Eau'],130,70,70,35,35,60,3,400.0,66.67
Wailord,Wailord,['Eau'],170,90,90,45,45,60,3,500.0,83.33
Numel,Chamallot,"['Feu', 'Sol']",60,60,65,40,45,35,3,305.0,50.83
Camerupt,Camérupt,"['Feu', 'Sol']",70,100,105,70,75,40,3,460.0,76.67
Torkoal,Chartor,['Feu'],70,85,85,140,70,20,3,470.0,78.33
Spoink,Spoink,['Psy'],60,25,70,35,80,60,3,330.0,55.0
Grumpig,Groret,['Psy'],80,45,90,65,110,80,3,470.0,78.33
Spinda,Spinda,['Normal'],60,60,60,60,60,60,3,360.0,60.0
Trapinch,Kraknoix,['Sol'],45,100,45,45,45,10,3,290.0,48.33
Vibrava,Vibraninf,"['Sol', 'Dragon']",50,70,50,50,50,70,3,340.0,56.67
Flygon,Libégon,"['Sol', 'Dragon']",80,100,80,80,80,100,3,520.0,86.67
Cacnea,Cacnea,['Plante'],50,85,85,40,40,35,3,335.0,55.83
Cacturne,Cacturne,"['Plante', 'Ténèbres']",70,115,115,60,60,55,3,475.0,79.17
Swablu,Tylton,"['Normal', 'Vol']",45,40,40,60,75,50,3,310.0,51.67
Altaria,Altaria,"['Dragon', 'Vol']",75,70,70,90,105,80,3,490.0,81.67
Zangoose,Mangriff,['Normal'],73,115,60,60,60,90,3,458.0,76.33
Seviper,Séviper,['Poison'],73,100,100,60,60,65,3,458.0,76.33
Lunatone,Séléroc,"['Roche', 'Psy']",90,55,95,65,85,70,3,460.0,76.67
Solrock,Solaroc,"['Roche', 'Psy']",90,95,55,85,65,70,3,460.0,76.67
Barboach,Barloche,"['Eau', 'Sol']",50,48,46,43,41,60,3,288.0,48.0
Whiscash,Barbicha,"['Eau', 'Sol']",110,78,76,73,71,60,3,468.0,78.0
Corphish,Écrapince,['Eau'],43,80,50,65,35,35,3,308.0,51.33
Crawdaunt,Colhomard,"['Eau', 'Ténèbres']",63,120,90,85,55,55,3,468.0,78.0
Baltoy,Balbuto,"['Sol', 'Psy']",40,40,40,55,70,55,3,300.0,50.0
Claydol,Kaorine,"['Sol', 'Psy']",60,70,70,105,120,75,3,500.0,83.33
Lileep,Lilia,"['Roche', 'Plante']",66,41,61,77,87,23,3,355.0,59.17
Cradily,Vacilys,"['Roche', 'Plante']",86,81,81,97,107,43,3,495.0,82.5
Anorith,Anorith,"['Roche', 'Insecte']",45,95,40,50,50,75,3,355.0,59.17
Armaldo,Armaldo,"['Roche', 'Insecte']",75,125,70,100,80,45,3,495.0,82.5
Feebas,Barpau,['Eau'],20,15,10,20,55,80,3,200.0,33.33
Milotic,Milobellus,['Eau'],95,60,100,79,125,81,3,540.0,90.0
Castform,Morphéo,['Normal'],70,70,70,70,70,70,3,420.0,70.0
Kecleon,Kecleon,['Normal'],60,90,60,70,120,40,3,440.0,73.33
Shuppet,Polichombr,['Spectre'],44,75,63,35,33,45,3,295.0,49.17
Banette,Branette,['Spectre'],64,115,83,65,63,65,3,455.0,75.83
Duskull,Skelénox,['Spectre'],20,40,30,90,90,25,3,295.0,49.17
Dusclops,Téraclope,['Spectre'],40,70,60,130,130,25,3,455.0,75.83
Tropius,Tropius,"['Plante', 'Vol']",99,68,72,83,87,51,3,460.0,76.67
Chimecho,Éoko,['Psy'],75,50,95,80,90,65,3,455.0,75.83
Absol,Absol,['Ténèbres'],65,130,75,60,60,75,3,465.0,77.5
Wynaut,Okéoké,['Psy'],95,23,23,48,48,23,3,260.0,43.33
Snorunt,Stalgamin,['Glace'],50,50,50,50,50,50,3,300.0,50.0
Glalie,Oniglali,['Glace'],80,80,80,80,80,80,3,480.0,80.0
Spheal,Obalie,"['Glace', 'Eau']",70,40,55,50,50,25,3,290.0,48.33
Sealeo,Phogleur,"['Glace', 'Eau']",90,60,75,70,70,45,3,410.0,68.33
Walrein,Kaimorse,"['Glace', 'Eau']",110,80,95,90,90,65,3,530.0,88.33
Clamperl,Coquiperl,['Eau'],35,64,74,85,55,32,3,345.0,57.5
Huntail,Serpang,['Eau'],55,104,94,105,75,52,3,485.0,80.83
Gorebyss,Rosabyss,['Eau'],55,84,114,105,75,52,3,485.0,80.83
Relicanth,Relicanth,"['Eau', 'Roche']",100,90,45,130,65,55,3,485.0,80.83
Luvdisc,Lovdisc,['Eau'],43,30,40,55,65,97,3,330.0,55.0
Bagon,Draby,['Dragon'],45,75,40,60,30,50,3,300.0,50.0
Shelgon,Drackhaus,['Dragon'],65,95,60,100,50,50,3,420.0,70.0
Salamence,Drattak,"['Dragon', 'Vol']",95,135,110,80,80,100,3,600.0,100.0
Beldum,Terhal,"['Acier', 'Psy']",40,55,35,80,60,30,3,300.0,50.0
Metang,Métang,"['Acier', 'Psy']",60,75,55,100,80,50,3,420.0,70.0
Metagross,Métalosse,"['Acier', 'Psy']",80,135,95,130,90,70,3,600.0,100.0
Regirock,Regirock,['Roche'],80,100,50,200,100,50,3,580.0,96.67
Regice,Regice,['Glace'],80,50,100,100,200,50,3,580.0,96.67
Registeel,Registeel,['Acier'],80,75,75,150,150,50,3,580.0,96.67
Latias,Latias,"['Dragon', 'Psy']",80,80,110,90,130,110,3,600.0,100.0
Latios,Latios,"['Dragon', 'Psy']",80,90,130,80,110,110,3,600.0,100.0
Kyogre,Kyogre,['Eau'],100,100,150,90,140,90,3,670.0,111.67
Groudon,Groudon,['Sol'],100,150,100,140,90,90,3,670.0,111.67
Rayquaza,Rayquaza,"['Dragon', 'Vol']",105,150,150,90,90,95,3,680.0,113.33
Jirachi,Jirachi,"['Acier', 'Psy']",100,100,100,100,100,100,3,600.0,100.0
Deoxys,Deoxys,['Psy'],50,150,150,50,50,150,3,600.0,100.0
Turtwig,Tortipouss,['Plante'],55,68,45,64,55,31,4,318.0,53.0
Grotle,Boskara,['Plante'],75,89,55,85,65,36,4,405.0,67.5
Torterra,Torterra,"['Plante', 'Sol']",95,109,75,105,85,56,4,525.0,87.5
Chimchar,Ouisticram,['Feu'],44,58,58,44,44,61,4,309.0,51.5
Monferno,Chimpenfeu,"['Feu', 'Combat']",64,78,78,52,52,81,4,405.0,67.5
Infernape,Simiabraz,"['Feu', 'Combat']",76,104,104,71,71,108,4,534.0,89.0
Piplup,Tiplouf,['Eau'],53,51,61,53,56,40,4,314.0,52.33
Prinplup,Prinplouf,['Eau'],64,66,81,68,76,50,4,405.0,67.5
Empoleon,Pingoléon,"['Eau', 'Acier']",84,86,111,88,101,60,4,530.0,88.33
Starly,Étourmi,"['Normal', 'Vol']",40,55,30,30,30,60,4,245.0,40.83
Staravia,Étourvol,"['Normal', 'Vol']",55,75,40,50,40,80,4,340.0,56.67
Staraptor,Étouraptor,"['Normal', 'Vol']",85,120,50,70,60,100,4,485.0,80.83
Bidoof,Keunotor,['Normal'],59,45,35,40,40,31,4,250.0,41.67
Bibarel,Castorno,"['Normal', 'Eau']",79,85,55,60,60,71,4,410.0,68.33
Kricketot,Crikzik,['Insecte'],37,25,25,41,41,25,4,194.0,32.33
Kricketune,Mélokrik,['Insecte'],77,85,55,51,51,65,4,384.0,64.0
Shinx,Lixy,['Électrik'],45,65,40,34,34,45,4,263.0,43.83
Luxio,Luxio,['Électrik'],60,85,60,49,49,60,4,363.0,60.5
Luxray,Luxray,['Électrik'],80,120,95,79,79,70,4,523.0,87.17
Budew,Rozbouton,"['Plante', 'Poison']",40,30,50,35,70,55,4,280.0,46.67
Roserade,Roserade,"['Plante', 'Poison']",60,70,125,65,105,90,4,515.0,85.83
Cranidos,Kranidos,['Roche'],67,125,30,40,30,58,4,350.0,58.33
Rampardos,Charkos,['Roche'],97,165,65,60,50,58,4,495.0,82.5
Shieldon,Dinoclier,"['Roche', 'Acier']",30,42,42,118,88,30,4,350.0,58.33
Bastiodon,Bastiodon,"['Roche', 'Acier']",60,52,47,168,138,30,4,495.0,82.5
Burmy,Cheniti,['Insecte'],40,29,29,45,45,36,4,224.0,37.33
Wormadam,Cheniselle,"['Insecte', 'Plante']",60,69,95,69,95,36,4,424.0,70.67
Mothim,Papilord,"['Insecte', 'Vol']",70,94,94,50,50,66,4,424.0,70.67
Combee,Apitrini,"['Insecte', 'Vol']",30,30,30,42,42,70,4,244.0,40.67
Vespiquen,Apireine,"['Insecte', 'Vol']",70,80,80,102,102,40,4,474.0,79.0
Pachirisu,Pachirisu,['Électrik'],60,45,45,70,90,95,4,405.0,67.5
Buizel,Mustébouée,['Eau'],55,65,60,35,30,85,4,330.0,55.0
Floatzel,Mustéflott,['Eau'],85,105,85,55,50,115,4,495.0,82.5
Cherubi,Ceribou,['Plante'],45,35,62,45,53,35,4,275.0,45.83
Cherrim,Ceriflor,['Plante'],70,60,87,70,78,85,4,450.0,75.0
Shellos,Sancoki,['Eau'],76,48,57,48,62,34,4,325.0,54.17
Gastrodon,Tritosor,"['Eau', 'Sol']",111,83,92,68,82,39,4,475.0,79.17
Ambipom,Capidextre,['Normal'],75,100,60,66,66,115,4,482.0,80.33
Drifloon,Baudrive,"['Spectre', 'Vol']",90,50,60,34,44,70,4,348.0,58.0
Drifblim,Grodrive,"['Spectre', 'Vol']",150,80,90,44,54,80,4,498.0,83.0
Buneary,Laporeille,['Normal'],55,66,44,44,56,85,4,350.0,58.33
Lopunny,Lockpin,['Normal'],65,76,54,84,96,105,4,480.0,80.0
Mismagius,Magirêve,['Spectre'],60,60,105,60,105,105,4,495.0,82.5
Honchkrow,Corboss,"['Ténèbres', 'Vol']",100,125,105,52,52,71,4,505.0,84.17
Glameow,Chaglam,['Normal'],49,55,42,42,37,85,4,310.0,51.67
Purugly,Chaffreux,['Normal'],71,82,64,64,59,112,4,452.0,75.33
Chingling,Korillon,['Psy'],45,30,65,50,50,45,4,285.0,47.5
Stunky,Moufouette,"['Poison', 'Ténèbres']",63,63,41,47,41,74,4,329.0,54.83
Skuntank,Moufflair,"['Poison', 'Ténèbres']",103,93,71,67,61,84,4,479.0,79.83
Bronzor,Archéomire,"['Acier', 'Psy']",57,24,24,86,86,23,4,300.0,50.0
Bronzong,Archéodong,"['Acier', 'Psy']",67,89,79,116,116,33,4,500.0,83.33
Bonsly,Manzaï,['Roche'],50,80,10,95,45,10,4,290.0,48.33
Mime Jr.,Mime Jr.,"['Psy', 'Fée']",20,25,70,45,90,60,4,310.0,51.67
Happiny,Ptiravi,['Normal'],100,5,15,5,65,30,4,220.0,36.67
Chatot,Pijako,"['Normal', 'Vol']",76,65,92,45,42,91,4,411.0,68.5
Spiritomb,Spiritomb,"['Spectre', 'Ténèbres']",50,92,92,108,108,35,4,485.0,80.83
Gible,Griknot,"['Dragon', 'Sol']",58,70,40,45,45,42,4,300.0,50.0
Gabite,Carmache,"['Dragon', 'Sol']",68,90,50,65,55,82,4,410.0,68.33
Garchomp,Carchacrok,"['Dragon', 'Sol']",108,130,80,95,85,102,4,600.0,100.0
Munchlax,Goinfrex,['Normal'],135,85,40,40,85,5,4,390.0,65.0
Riolu,Riolu,['Combat'],40,70,35,40,40,60,4,285.0,47.5
Lucario,Lucario,"['Combat', 'Acier']",70,110,115,70,70,90,4,525.0,87.5
Hippopotas,Hippopotas,['Sol'],68,72,38,78,42,32,4,330.0,55.0
Hippowdon,Hippodocus,['Sol'],108,112,68,118,72,47,4,525.0,87.5
Skorupi,Rapion,"['Poison', 'Insecte']",40,50,30,90,55,65,4,330.0,55.0
Drapion,Drascore,"['Poison', 'Ténèbres']",70,90,60,110,75,95,4,500.0,83.33
Croagunk,Cradopaud,"['Poison', 'Combat']",48,61,61,40,40,50,4,300.0,50.0
Toxicroak,Coatox,"['Poison', 'Combat']",83,106,86,65,65,85,4,490.0,81.67
Carnivine,Vortente,['Plante'],74,100,90,72,72,46,4,454.0,75.67
Finneon,Écayon,['Eau'],49,49,49,56,61,66,4,330.0,55.0
Lumineon,Luminéon,['Eau'],69,69,69,76,86,91,4,460.0,76.67
Mantyke,Babimanta,"['Eau', 'Vol']",45,20,60,50,120,50,4,345.0,57.5
Snover,Blizzi,"['Plante', 'Glace']",60,62,60,50,62,40,4,334.0,55.67
Abomasnow,Blizzaroi,"['Plante', 'Glace']",90,92,92,75,85,60,4,494.0,82.33
Weavile,Dimoret,"['Ténèbres', 'Glace']",70,120,45,65,85,125,4,510.0,85.0
Magnezone,Magnézone,"['Électrik', 'Acier']",70,70,130,115,90,60,4,535.0,89.17
Lickilicky,Coudlangue,['Normal'],110,85,80,95,95,50,4,515.0,85.83
Rhyperior,Rhinastoc,"['Sol', 'Roche']",115,140,55,130,55,40,4,535.0,89.17
Tangrowth,Bouldeneu,['Plante'],100,100,110,125,50,50,4,535.0,89.17
Electivire,Élekable,['Électrik'],75,123,95,67,85,95,4,540.0,90.0
Magmortar,Maganon,['Feu'],75,95,125,67,95,83,4,540.0,90.0
Togekiss,Togekiss,"['Fée', 'Vol']",85,50,120,95,115,80,4,545.0,90.83
Yanmega,Yanmega,"['Insecte', 'Vol']",86,76,116,86,56,95,4,515.0,85.83
Leafeon,Phyllali,['Plante'],65,110,60,130,65,95,4,525.0,87.5
Glaceon,Givrali,['Glace'],65,60,130,110,95,65,4,525.0,87.5
Gliscor,Scorvol,"['Sol', 'Vol']",75,95,45,125,75,95,4,510.0,85.0
Mamoswine,Mammochon,"['Glace', 'Sol']",110,130,70,80,60,80,4,530.0,88.33
Porygon-Z,Porygon-Z,['Normal'],85,80,135,70,75,90,4,535.0,89.17
Gallade,Gallame,"['Psy', 'Combat']",68,125,65,65,115,80,4,518.0,86.33
Probopass,Tarinorme,"['Roche', 'Acier']",60,55,75,145,150,40,4,525.0,87.5
Dusknoir,Noctunoir,['Spectre'],45,100,65,135,135,45,4,525.0,87.5
Froslass,Momartik,"['Glace', 'Spectre']",70,80,80,70,70,110,4,480.0,80.0
Rotom,Motisma,"['Électrik', 'Spectre']",50,50,95,77,77,91,4,440.0,73.33
Uxie,Créhelf,['Psy'],75,75,75,130,130,95,4,580.0,96.67
Mesprit,Créfollet,['Psy'],80,105,105,105,105,80,4,580.0,96.67
Azelf,Créfadet,['Psy'],75,125,125,70,70,115,4,580.0,96.67
Dialga,Dialga,"['Acier', 'Dragon']",100,120,150,120,100,90,4,680.0,113.33
Palkia,Palkia,"['Eau', 'Dragon']",90,120,150,100,120,100,4,680.0,113.33
Heatran,Heatran,"['Feu', 'Acier']",91,90,130,106,106,77,4,600.0,100.0
Regigigas,Regigigas,['Normal'],110,160,80,110,110,100,4,670.0,111.67
Giratina,Giratina,"['Spectre', 'Dragon']",150,100,100,120,120,90,4,680.0,113.33
Cresselia,Cresselia,['Psy'],120,70,75,120,130,85,4,600.0,100.0
Phione,Phione,['Eau'],80,80,80,80,80,80,4,480.0,80.0
Manaphy,Manaphy,['Eau'],100,100,100,100,100,100,4,600.0,100.0
Darkrai,Darkrai,['Ténèbres'],70,90,135,90,90,125,4,600.0,100.0
Shaymin,Shaymin,['Plante'],100,100,100,100,100,100,4,600.0,100.0
Arceus,Arceus,['Normal'],120,120,120,120,120,120,4,720.0,120.0
Victini,Victini,"['Psy', 'Feu']",100,100,100,100,100,100,5,600.0,100.0
Snivy,Vipélierre,['Plante'],45,45,45,55,55,63,5,308.0,51.33
Servine,Lianaja,['Plante'],60,60,60,75,75,83,5,413.0,68.83
Serperior,Majaspic,['Plante'],75,75,75,95,95,113,5,528.0,88.0
Tepig,Gruikui,['Feu'],65,63,45,45,45,45,5,308.0,51.33
Pignite,Grotichon,"['Feu', 'Combat']",90,93,70,55,55,55,5,418.0,69.67
Emboar,Roitiflam,"['Feu', 'Combat']",110,123,100,65,65,65,5,528.0,88.0
Oshawott,Moustillon,['Eau'],55,55,63,45,45,45,5,308.0,51.33
Dewott,Mateloutre,['Eau'],75,75,83,60,60,60,5,413.0,68.83
Samurott,Clamiral,['Eau'],95,100,108,85,70,70,5,528.0,88.0
Patrat,Ratentif,['Normal'],45,55,35,39,39,42,5,255.0,42.5
Watchog,Miradar,['Normal'],60,85,60,69,69,77,5,420.0,70.0
Lillipup,Ponchiot,['Normal'],45,60,25,45,45,55,5,275.0,45.83
Herdier,Ponchien,['Normal'],65,80,35,65,65,60,5,370.0,61.67
Stoutland,Mastouffe,['Normal'],85,110,45,90,90,80,5,500.0,83.33
Purrloin,Chacripan,['Ténèbres'],41,50,50,37,37,66,5,281.0,46.83
Liepard,Léopardus,['Ténèbres'],64,88,88,50,50,106,5,446.0,74.33
Pansage,Feuillajou,['Plante'],50,53,53,48,48,64,5,316.0,52.67
Simisage,Feuiloutan,['Plante'],75,98,98,63,63,101,5,498.0,83.0
Pansear,Flamajou,['Feu'],50,53,53,48,48,64,5,316.0,52.67
Simisear,Flamoutan,['Feu'],75,98,98,63,63,101,5,498.0,83.0
Panpour,Flotajou,['Eau'],50,53,53,48,48,64,5,316.0,52.67
Simipour,Flotoutan,['Eau'],75,98,98,63,63,101,5,498.0,83.0
Munna,Munna,['Psy'],76,25,67,45,55,24,5,292.0,48.67
Musharna,Mushana,['Psy'],116,55,107,85,95,29,5,487.0,81.17
Pidove,Poichigeon,"['Normal', 'Vol']",50,55,36,50,30,43,5,264.0,44.0
Tranquill,Colombeau,"['Normal', 'Vol']",62,77,50,62,42,65,5,358.0,59.67
Unfezant,Déflaisan,"['Normal', 'Vol']",80,115,65,80,55,93,5,488.0,81.33
Blitzle,Zébibron,['Électrik'],45,60,50,32,32,76,5,295.0,49.17
Zebstrika,Zéblitz,['Électrik'],75,100,80,63,63,116,5,497.0,82.83
Roggenrola,Nodulithe,['Roche'],55,75,25,85,25,15,5,280.0,46.67
Boldore,Géolithe,['Roche'],70,105,50,105,40,20,5,390.0,65.0
Gigalith,Gigalithe,['Roche'],85,135,60,130,80,25,5,515.0,85.83
Woobat,Chovsourir,"['Psy', 'Vol']",65,45,55,43,43,72,5,323.0,53.83
Swoobat,Rhinolove,"['Psy', 'Vol']",67,57,77,55,55,114,5,425.0,70.83
Drilbur,Rototaupe,['Sol'],60,85,30,40,45,68,5,328.0,54.67
Excadrill,Minotaupe,"['Sol', 'Acier']",110,135,50,60,65,88,5,508.0,84.67
Audino,Nanméouïe,['Normal'],103,60,60,86,86,50,5,445.0,74.17
Timburr,Charpenti,['Combat'],75,80,25,55,35,35,5,305.0,50.83
Gurdurr,Ouvrifier,['Combat'],85,105,40,85,50,40,5,405.0,67.5
Conkeldurr,Bétochef,['Combat'],105,140,55,95,65,45,5,505.0,84.17
Tympole,Tritonde,['Eau'],50,50,50,40,40,64,5,294.0,49.0
Palpitoad,Batracné,"['Eau', 'Sol']",75,65,65,55,55,69,5,384.0,64.0
Seismitoad,Crapustule,"['Eau', 'Sol']",105,95,85,75,75,74,5,509.0,84.83
Throh,Judokrak,['Combat'],120,100,30,85,85,45,5,465.0,77.5
Sawk,Karaclée,['Combat'],75,125,30,75,75,85,5,465.0,77.5
Sewaddle,Larveyette,"['Insecte', 'Plante']",45,53,40,70,60,42,5,310.0,51.67
Swadloon,Couverdure,"['Insecte', 'Plante']",55,63,50,90,80,42,5,380.0,63.33
Leavanny,Manternel,"['Insecte', 'Plante']",75,103,70,80,80,92,5,500.0,83.33
Venipede,Venipatte,"['Insecte', 'Poison']",30,45,30,59,39,57,5,260.0,43.33
Whirlipede,Scobolide,"['Insecte', 'Poison']",40,55,40,99,79,47,5,360.0,60.0
Scolipede,Brutapode,"['Insecte', 'Poison']",60,100,55,89,69,112,5,485.0,80.83
Cottonee,Doudouvet,"['Plante', 'Fée']",40,27,37,60,50,66,5,280.0,46.67
Whimsicott,Farfaduvet,"['Plante', 'Fée']",60,67,77,85,75,116,5,480.0,80.0
Petilil,Chlorobule,['Plante'],45,35,70,50,50,30,5,280.0,46.67
Lilligant,Fragilady,['Plante'],70,60,110,75,75,90,5,480.0,80.0
Basculin,Bargantua,['Eau'],70,92,80,65,55,98,5,460.0,76.67
Sandile,Mascaïman,"['Sol', 'Ténèbres']",50,72,35,35,35,65,5,292.0,48.67
Krokorok,Escroco,"['Sol', 'Ténèbres']",60,82,45,45,45,74,5,351.0,58.5
Krookodile,Crocorible,"['Sol', 'Ténèbres']",95,117,65,80,70,92,5,519.0,86.5
Darumaka,Darumarond,['Feu'],70,90,15,45,45,50,5,315.0,52.5
Darmanitan,Darumacho,['Feu'],105,140,30,55,55,95,5,480.0,80.0
Maractus,Maracachi,['Plante'],75,86,106,67,67,60,5,461.0,76.83
Dwebble,Crabicoque,"['Insecte', 'Roche']",50,65,35,85,35,55,5,325.0,54.17
Crustle,Crabaraque,"['Insecte', 'Roche']",70,105,65,125,75,45,5,485.0,80.83
Scraggy,Baggiguane,"['Ténèbres', 'Combat']",50,75,35,70,70,48,5,348.0,58.0
Scrafty,Baggaïd,"['Ténèbres', 'Combat']",65,90,45,115,115,58,5,488.0,81.33
Sigilyph,Cryptéro,"['Psy', 'Vol']",72,58,103,80,80,97,5,490.0,81.67
Yamask,Tutafeh,['Spectre'],38,30,55,85,65,30,5,303.0,50.5
Cofagrigus,Tutankafer,['Spectre'],58,50,95,145,105,30,5,483.0,80.5
Tirtouga,Carapagos,"['Eau', 'Roche']",54,78,53,103,45,22,5,355.0,59.17
Carracosta,Mégapagos,"['Eau', 'Roche']",74,108,83,133,65,32,5,495.0,82.5
Archen,Arkéapti,"['Roche', 'Vol']",55,112,74,45,45,70,5,401.0,66.83
Archeops,Aéroptéryx,"['Roche', 'Vol']",75,140,112,65,65,110,5,567.0,94.5
Trubbish,Miamiasme,['Poison'],50,50,40,62,62,65,5,329.0,54.83
Garbodor,Miasmax,['Poison'],80,95,60,82,82,75,5,474.0,79.0
Zorua,Zorua,['Ténèbres'],40,65,80,40,40,65,5,330.0,55.0
Zoroark,Zoroark,['Ténèbres'],60,105,120,60,60,105,5,510.0,85.0
Minccino,Chinchidou,['Normal'],55,50,40,40,40,75,5,300.0,50.0
Cinccino,Pashmilla,['Normal'],75,95,65,60,60,115,5,470.0,78.33
Gothita,Scrutella,['Psy'],45,30,55,50,65,45,5,290.0,48.33
Gothorita,Mesmérella,['Psy'],60,45,75,70,85,55,5,390.0,65.0
Gothitelle,Sidérella,['Psy'],70,55,95,95,110,65,5,490.0,81.67
Solosis,Nucléos,['Psy'],45,30,105,40,50,20,5,290.0,48.33
Duosion,Méios,['Psy'],65,40,125,50,60,30,5,370.0,61.67
Reuniclus,Symbios,['Psy'],110,65,125,75,85,30,5,490.0,81.67
Ducklett,Couaneton,"['Eau', 'Vol']",62,44,44,50,50,55,5,305.0,50.83
Swanna,Lakmécygne,"['Eau', 'Vol']",75,87,87,63,63,98,5,473.0,78.83
Vanillite,Sorbébé,['Glace'],36,50,65,50,60,44,5,305.0,50.83
Vanillish,Sorboul,['Glace'],51,65,80,65,75,59,5,395.0,65.83
Vanilluxe,Sorbouboul,['Glace'],71,95,110,85,95,79,5,535.0,89.17
Deerling,Vivaldaim,"['Normal', 'Plante']",60,60,40,50,50,75,5,335.0,55.83
Sawsbuck,Haydaim,"['Normal', 'Plante']",80,100,60,70,70,95,5,475.0,79.17
Emolga,Emolga,"['Électrik', 'Vol']",55,75,75,60,60,103,5,428.0,71.33
Karrablast,Carabing,['Insecte'],50,75,40,45,45,60,5,315.0,52.5
Escavalier,Lançargot,"['Insecte', 'Acier']",70,135,60,105,105,20,5,495.0,82.5
Foongus,Trompignon,"['Plante', 'Poison']",69,55,55,45,55,15,5,294.0,49.0
Amoonguss,Gaulet,"['Plante', 'Poison']",114,85,85,70,80,30,5,464.0,77.33
Frillish,Viskuse,"['Eau', 'Spectre']",55,40,65,50,85,40,5,335.0,55.83
Jellicent,Moyade,"['Eau', 'Spectre']",100,60,85,70,105,60,5,480.0,80.0
Alomomola,Mamanbo,['Eau'],165,75,40,80,45,65,5,470.0,78.33
Joltik,Statitik,"['Insecte', 'Électrik']",50,47,57,50,50,65,5,319.0,53.17
Galvantula,Mygavolt,"['Insecte', 'Électrik']",70,77,97,60,60,108,5,472.0,78.67
Ferroseed,Grindur,"['Plante', 'Acier']",44,50,24,91,86,10,5,305.0,50.83
Ferrothorn,Noacier,"['Plante', 'Acier']",74,94,54,131,116,20,5,489.0,81.5
Klink,Tic,['Acier'],40,55,45,70,60,30,5,300.0,50.0
Klang,Clic,['Acier'],60,80,70,95,85,50,5,440.0,73.33
Klinklang,Cliticlic,['Acier'],60,100,70,115,85,90,5,520.0,86.67
Tynamo,Anchwatt,['Électrik'],35,55,45,40,40,60,5,275.0,45.83
Eelektrik,Lampéroie,['Électrik'],65,85,75,70,70,40,5,405.0,67.5
Eelektross,Ohmassacre,['Électrik'],85,115,105,80,80,50,5,515.0,85.83
Elgyem,Lewsor,['Psy'],55,55,85,55,55,30,5,335.0,55.83
Beheeyem,Neitram,['Psy'],75,75,125,75,95,40,5,485.0,80.83
Litwick,Funécire,"['Spectre', 'Feu']",50,30,65,55,55,20,5,275.0,45.83
Lampent,Mélancolux,"['Spectre', 'Feu']",60,40,95,60,60,55,5,370.0,61.67
Chandelure,Lugulabre,"['Spectre', 'Feu']",60,55,145,90,90,80,5,520.0,86.67
Axew,Coupenotte,['Dragon'],46,87,30,60,40,57,5,320.0,53.33
Fraxure,Incisache,['Dragon'],66,117,40,70,50,67,5,410.0,68.33
Haxorus,Tranchodon,['Dragon'],76,147,60,90,70,97,5,540.0,90.0
Cubchoo,Polarhume,['Glace'],55,70,60,40,40,40,5,305.0,50.83
Beartic,Polagriffe,['Glace'],95,130,70,80,80,50,5,505.0,84.17
Cryogonal,Hexagel,['Glace'],80,50,95,50,135,105,5,515.0,85.83
Shelmet,Escargaume,['Insecte'],50,40,40,85,65,25,5,305.0,50.83
Accelgor,Limaspeed,['Insecte'],80,70,100,40,60,145,5,495.0,82.5
Stunfisk,Limonde,"['Sol', 'Électrik']",109,66,81,84,99,32,5,471.0,78.5
Mienfoo,Kungfouine,['Combat'],45,85,55,50,50,65,5,350.0,58.33
Mienshao,Shaofouine,['Combat'],65,125,95,60,60,105,5,510.0,85.0
Druddigon,Drakkarmin,['Dragon'],77,120,60,90,90,48,5,485.0,80.83
Golett,Gringolem,"['Sol', 'Spectre']",59,74,35,50,50,35,5,303.0,50.5
Golurk,Golemastoc,"['Sol', 'Spectre']",89,124,55,80,80,55,5,483.0,80.5
Pawniard,Scalpion,"['Ténèbres', 'Acier']",45,85,40,70,40,60,5,340.0,56.67
Bisharp,Scalproie,"['Ténèbres', 'Acier']",65,125,60,100,70,70,5,490.0,81.67
Bouffalant,Frison,['Normal'],95,110,40,95,95,55,5,490.0,81.67
Rufflet,Furaiglon,"['Normal', 'Vol']",70,83,37,50,50,60,5,350.0,58.33
Braviary,Gueriaigle,"['Normal', 'Vol']",100,123,57,75,75,80,5,510.0,85.0
Vullaby,Vostourno,"['Ténèbres', 'Vol']",70,55,45,75,65,60,5,370.0,61.67
Mandibuzz,Vaututrice,"['Ténèbres', 'Vol']",110,65,55,105,95,80,5,510.0,85.0
Heatmor,Aflamanoir,['Feu'],85,97,105,66,66,65,5,484.0,80.67
Durant,Fermite,"['Insecte', 'Acier']",58,109,48,112,48,109,5,484.0,80.67
Deino,Solochi,"['Ténèbres', 'Dragon']",52,65,45,50,50,38,5,300.0,50.0
Zweilous,Diamat,"['Ténèbres', 'Dragon']",72,85,65,70,70,58,5,420.0,70.0
Hydreigon,Trioxhydre,"['Ténèbres', 'Dragon']",92,105,125,90,90,98,5,600.0,100.0
Larvesta,Pyronille,"['Insecte', 'Feu']",55,85,50,55,55,60,5,360.0,60.0
Volcarona,Pyrax,"['Insecte', 'Feu']",85,60,135,65,105,100,5,550.0,91.67
Cobalion,Cobaltium,"['Acier', 'Combat']",91,90,90,129,72,108,5,580.0,96.67
Terrakion,Terrakium,"['Roche', 'Combat']",91,129,72,90,90,108,5,580.0,96.67
Virizion,Viridium,"['Plante', 'Combat']",91,90,90,72,129,108,5,580.0,96.67
Tornadus,Boréas,['Vol'],79,115,125,70,80,111,5,580.0,96.67
Thundurus,Fulguris,"['Électrik', 'Vol']",79,115,125,70,80,111,5,580.0,96.67
Reshiram,Reshiram,"['Dragon', 'Feu']",100,120,150,100,120,90,5,680.0,113.33
Zekrom,Zekrom,"['Dragon', 'Électrik']",100,150,120,120,100,90,5,680.0,113.33
Landorus,Démétéros,"['Sol', 'Vol']",89,125,115,90,80,101,5,600.0,100.0
Kyurem,Kyurem,"['Dragon', 'Glace']",125,130,130,90,90,95,5,660.0,110.0
Keldeo,Keldeo,"['Eau', 'Combat']",91,72,129,90,90,108,5,580.0,96.67
Meloetta,Meloetta,"['Normal', 'Psy']",100,77,128,77,128,90,5,600.0,100.0
Genesect,Genesect,"['Insecte', 'Acier']",71,120,120,95,95,99,5,600.0,100.0
Chespin,Marisson,['Plante'],56,61,48,65,45,38,6,313.0,52.17
Quilladin,Boguérisse,['Plante'],61,78,56,95,58,57,6,405.0,67.5
Chesnaught,Blindépique,"['Plante', 'Combat']",88,107,74,122,75,64,6,530.0,88.33
Fennekin,Feunnec,['Feu'],40,45,62,40,60,60,6,307.0,51.17
Braixen,Roussil,['Feu'],59,59,90,58,70,73,6,409.0,68.17
Delphox,Goupelin,"['Feu', 'Psy']",75,69,114,72,100,104,6,534.0,89.0
Froakie,Grenousse,['Eau'],41,56,62,40,44,71,6,314.0,52.33
Frogadier,Croâporal,['Eau'],54,63,83,52,56,97,6,405.0,67.5
Greninja,Amphinobi,"['Eau', 'Ténèbres']",72,95,103,67,71,122,6,530.0,88.33
Bunnelby,Sapereau,['Normal'],38,36,32,38,36,57,6,237.0,39.5
Diggersby,Excavarenne,"['Normal', 'Sol']",85,56,50,77,77,78,6,423.0,70.5
Fletchling,Passerouge,"['Normal', 'Vol']",45,50,40,43,38,62,6,278.0,46.33
Fletchinder,Braisillon,"['Feu', 'Vol']",62,73,56,55,52,84,6,382.0,63.67
Talonflame,Flambusard,"['Feu', 'Vol']",78,81,74,71,69,126,6,499.0,83.17
Scatterbug,Lépidonille,['Insecte'],38,35,27,40,25,35,6,200.0,33.33
Spewpa,Pérégrain,['Insecte'],45,22,27,60,30,29,6,213.0,35.5
Vivillon,Prismillon,"['Insecte', 'Vol']",80,52,90,50,50,89,6,411.0,68.5
Litleo,Hélionceau,"['Feu', 'Normal']",62,50,73,58,54,72,6,369.0,61.5
Pyroar,Némélios,"['Feu', 'Normal']",86,68,109,72,66,106,6,507.0,84.5
Flabébé,Flabébé,['Fée'],44,38,61,39,79,42,6,303.0,50.5
Floette,Floette,['Fée'],54,45,75,47,98,52,6,371.0,61.83
Florges,Florges,['Fée'],78,65,112,68,154,75,6,552.0,92.0
Skiddo,Cabriolaine,['Plante'],66,65,62,48,57,52,6,350.0,58.33
Gogoat,Chevroum,['Plante'],123,100,97,62,81,68,6,531.0,88.5
Pancham,Pandespiègle,['Combat'],67,82,46,62,48,43,6,348.0,58.0
Pangoro,Pandarbare,"['Combat', 'Ténèbres']",95,124,69,78,71,58,6,495.0,82.5
Furfrou,Couafarel,['Normal'],75,80,65,60,90,102,6,472.0,78.67
Espurr,Psystigri,['Psy'],62,48,63,54,60,68,6,355.0,59.17
Meowstic,Mistigrix,['Psy'],74,48,83,76,81,104,6,466.0,77.67
Honedge,Monorpale,"['Acier', 'Spectre']",45,80,35,100,37,28,6,325.0,54.17
Doublade,Dimoclès,"['Acier', 'Spectre']",59,110,45,150,49,35,6,448.0,74.67
Aegislash,Exagide,"['Acier', 'Spectre']",60,140,140,50,50,60,6,500.0,83.33
Spritzee,Fluvetin,['Fée'],78,52,63,60,65,23,6,341.0,56.83
Aromatisse,Cocotine,['Fée'],101,72,99,72,89,29,6,462.0,77.0
Swirlix,Sucroquin,['Fée'],62,48,59,66,57,49,6,341.0,56.83
Slurpuff,Cupcanaille,['Fée'],82,80,85,86,75,72,6,480.0,80.0
Inkay,Sepiatop,"['Ténèbres', 'Psy']",53,54,37,53,46,45,6,288.0,48.0
Malamar,Sepiatroce,"['Ténèbres', 'Psy']",86,92,68,88,75,73,6,482.0,80.33
Binacle,Opermine,"['Roche', 'Eau']",42,52,39,67,56,50,6,306.0,51.0
Barbaracle,Golgopathe,"['Roche', 'Eau']",72,105,55,115,86,68,6,501.0,83.5
Skrelp,Venalgue,"['Poison', 'Eau']",50,60,60,60,60,30,6,320.0,53.33
Dragalge,Kravarech,"['Poison', 'Dragon']",65,75,97,90,123,44,6,494.0,82.33
Clauncher,Flingouste,['Eau'],50,53,58,62,63,44,6,330.0,55.0
Clawitzer,Gamblast,['Eau'],71,73,120,88,89,59,6,500.0,83.33
Helioptile,Galvaran,"['Électrik', 'Normal']",44,38,61,33,43,70,6,289.0,48.17
Heliolisk,Iguolta,"['Électrik', 'Normal']",62,55,109,52,94,109,6,481.0,80.17
Tyrunt,Ptyranidur,"['Roche', 'Dragon']",58,89,45,77,45,48,6,362.0,60.33
Tyrantrum,Rexillius,"['Roche', 'Dragon']",82,121,69,119,59,71,6,521.0,86.83
Amaura,Amagara,"['Roche', 'Glace']",77,59,67,50,63,46,6,362.0,60.33
Aurorus,Dragmara,"['Roche', 'Glace']",123,77,99,72,92,58,6,521.0,86.83
Sylveon,Nymphali,['Fée'],95,65,110,65,130,60,6,525.0,87.5
Hawlucha,Brutalibré,"['Combat', 'Vol']",78,92,74,75,63,118,6,500.0,83.33
Dedenne,Dedenne,"['Électrik', 'Fée']",67,58,81,57,67,101,6,431.0,71.83
Carbink,Strassie,"['Roche', 'Fée']",50,50,50,150,150,50,6,500.0,83.33
Goomy,Mucuscule,['Dragon'],45,50,55,35,75,40,6,300.0,50.0
Sliggoo,Colimucus,['Dragon'],68,75,83,53,113,60,6,452.0,75.33
Goodra,Muplodocus,['Dragon'],90,100,110,70,150,80,6,600.0,100.0
Klefki,Trousselin,"['Acier', 'Fée']",57,80,80,91,87,75,6,470.0,78.33
Phantump,Brocélôme,"['Spectre', 'Plante']",43,70,50,48,60,38,6,309.0,51.5
Trevenant,Desséliande,"['Spectre', 'Plante']",85,110,65,76,82,56,6,474.0,79.0
Pumpkaboo,Pitrouille,"['Spectre', 'Plante']",44,66,44,70,55,56,6,335.0,55.83
Gourgeist,Banshitrouye,"['Spectre', 'Plante']",55,85,58,122,75,99,6,494.0,82.33
Bergmite,Grelaçon,['Glace'],55,69,32,85,35,28,6,304.0,50.67
Avalugg,Séracrawl,['Glace'],95,117,44,184,46,28,6,514.0,85.67
Noibat,Sonistrelle,"['Vol', 'Dragon']",40,30,45,35,40,55,6,245.0,40.83
Noivern,Bruyverne,"['Vol', 'Dragon']",85,70,97,80,80,123,6,535.0,89.17
Xerneas,Xerneas,['Fée'],126,131,131,95,98,99,6,680.0,113.33
Yveltal,Yveltal,"['Ténèbres', 'Vol']",126,131,131,95,98,99,6,680.0,113.33
Zygarde,Zygarde,"['Dragon', 'Sol']",54,100,61,71,85,115,6,486.0,81.0
Diancie,Diancie,"['Roche', 'Fée']",50,100,100,150,150,50,6,600.0,100.0
Hoopa,Hoopa,"['Psy', 'Spectre']",80,110,150,60,130,70,6,600.0,100.0
Volcanion,Volcanion,"['Feu', 'Eau']",80,110,130,120,90,70,6,600.0,100.0
Rowlet,Brindibou,"['Plante', 'Vol']",68,55,50,55,50,42,7,320.0,53.33
Dartrix,Efflèche,"['Plante', 'Vol']",78,75,70,75,70,52,7,420.0,70.0
Decidueye,Archéduc,"['Plante', 'Spectre']",78,107,100,75,100,70,7,530.0,88.33
Litten,Flamiaou,['Feu'],45,65,60,40,40,70,7,320.0,53.33
Torracat,Matoufeu,['Feu'],65,85,80,50,50,90,7,420.0,70.0
Incineroar,Félinferno,"['Feu', 'Ténèbres']",95,115,80,90,90,60,7,530.0,88.33
Popplio,Otaquin,['Eau'],50,54,66,54,56,40,7,320.0,53.33
Brionne,Otarlette,['Eau'],60,69,91,69,81,50,7,420.0,70.0
Primarina,Oratoria,"['Eau', 'Fée']",80,74,126,74,116,60,7,530.0,88.33
Pikipek,Picassaut,"['Normal', 'Vol']",35,75,30,30,30,65,7,265.0,44.17
Trumbeak,Piclairon,"['Normal', 'Vol']",55,85,40,50,50,75,7,355.0,59.17
Toucannon,Bazoucan,"['Normal', 'Vol']",80,120,75,75,75,60,7,485.0,80.83
Yungoos,Manglouton,['Normal'],48,70,30,30,30,45,7,253.0,42.17
Gumshoos,Argouste,['Normal'],88,110,55,60,60,45,7,418.0,69.67
Grubbin,Larvibule,['Insecte'],47,62,55,45,45,46,7,300.0,50.0
Charjabug,Chrysapile,"['Insecte', 'Électrik']",57,82,55,95,75,36,7,400.0,66.67
Vikavolt,Lucanon,"['Insecte', 'Électrik']",77,70,145,90,75,43,7,500.0,83.33
Crabrawler,Crabagarre,['Combat'],47,82,42,57,47,63,7,338.0,56.33
Crabominable,Crabominable,"['Combat', 'Glace']",97,132,62,77,67,43,7,478.0,79.67
Oricorio,Plumeline,"['Feu', 'Vol']",75,70,70,98,70,93,7,476.0,79.33
Cutiefly,Bombydou,"['Insecte', 'Fée']",40,45,55,40,40,84,7,304.0,50.67
Ribombee,Rubombelle,"['Insecte', 'Fée']",60,55,95,60,70,124,7,464.0,77.33
Rockruff,Rocabot,['Roche'],45,65,30,40,40,60,7,280.0,46.67
Lycanroc,Lougaroc,['Roche'],75,115,55,65,65,112,7,487.0,81.17
Wishiwashi,Froussardine,['Eau'],45,20,25,20,25,40,7,175.0,29.17
Mareanie,Vorastérie,"['Poison', 'Eau']",50,53,43,62,52,45,7,305.0,50.83
Toxapex,Prédastérie,"['Poison', 'Eau']",50,63,53,152,142,35,7,495.0,82.5
Mudbray,Tiboudet,['Sol'],70,100,45,70,55,45,7,385.0,64.17
Mudsdale,Bourrinos,['Sol'],100,125,55,100,85,35,7,500.0,83.33
Dewpider,Araqua,"['Eau', 'Insecte']",38,40,40,52,72,27,7,269.0,44.83
Araquanid,Tarenbulle,"['Eau', 'Insecte']",68,70,50,92,132,42,7,454.0,75.67
Fomantis,Mimantis,['Plante'],40,55,50,35,35,35,7,250.0,41.67
Lurantis,Floramantis,['Plante'],70,105,80,90,90,45,7,480.0,80.0
Morelull,Spododo,"['Plante', 'Fée']",40,35,65,55,75,15,7,285.0,47.5
Shiinotic,Lampignon,"['Plante', 'Fée']",60,45,90,80,100,30,7,405.0,67.5
Salandit,Tritox,"['Poison', 'Feu']",48,44,71,40,40,77,7,320.0,53.33
Salazzle,Malamandre,"['Poison', 'Feu']",60,64,111,60,60,117,7,472.0,78.67
Stufful,Nounourson,"['Normal', 'Combat']",70,75,45,50,50,50,7,340.0,56.67
Bewear,Chelours,"['Normal', 'Combat']",120,125,55,80,60,60,7,500.0,83.33
Bounsweet,Croquine,['Plante'],42,30,30,38,38,32,7,210.0,35.0
Steenee,Candine,['Plante'],52,40,40,48,48,62,7,290.0,48.33
Tsareena,Sucreine,['Plante'],72,120,50,98,98,72,7,510.0,85.0
Comfey,Guérilande,['Fée'],51,52,82,90,110,100,7,485.0,80.83
Oranguru,Gouroutan,"['Normal', 'Psy']",90,60,90,80,110,60,7,490.0,81.67
Passimian,Quartermac,['Combat'],100,120,40,90,60,80,7,490.0,81.67
Wimpod,Sovkipou,"['Insecte', 'Eau']",25,35,20,40,30,80,7,230.0,38.33
Golisopod,Sarmuraï,"['Insecte', 'Eau']",75,125,60,140,90,40,7,530.0,88.33
Sandygast,Bacabouh,"['Spectre', 'Sol']",55,55,70,80,45,15,7,320.0,53.33
Palossand,Trépassable,"['Spectre', 'Sol']",85,75,100,110,75,35,7,480.0,80.0
Pyukumuku,Concombaffe,['Eau'],55,60,30,130,130,5,7,410.0,68.33
Type: Null,Type:0,['Normal'],95,95,95,95,95,59,7,534.0,89.0
Silvally,Silvallié,['Normal'],95,95,95,95,95,95,7,570.0,95.0
Minior,Météno,"['Roche', 'Vol']",60,100,100,60,60,120,7,500.0,83.33
Komala,Dodoala,['Normal'],65,115,75,65,95,65,7,480.0,80.0
Turtonator,Boumata,"['Feu', 'Dragon']",60,78,91,135,85,36,7,485.0,80.83
Togedemaru,Togedemaru,"['Électrik', 'Acier']",65,98,40,63,73,96,7,435.0,72.5
Mimikyu,Mimiqui,"['Spectre', 'Fée']",55,90,50,80,105,96,7,476.0,79.33
Bruxish,Denticrisse,"['Eau', 'Psy']",68,105,70,70,70,92,7,475.0,79.17
Drampa,Draïeul,"['Normal', 'Dragon']",78,60,135,85,91,36,7,485.0,80.83
Dhelmise,Sinistrail,"['Spectre', 'Plante']",70,131,86,100,90,40,7,517.0,86.17
Jangmo-o,Bébécaille,['Dragon'],45,55,45,65,45,45,7,300.0,50.0
Hakamo-o,Écaïd,"['Dragon', 'Combat']",55,75,65,90,70,65,7,420.0,70.0
Kommo-o,Ékaïser,"['Dragon', 'Combat']",75,110,100,125,105,85,7,600.0,100.0
Tapu Koko,Tokorico,"['Électrik', 'Fée']",70,115,95,85,75,130,7,570.0,95.0
Tapu Lele,Tokopiyon,"['Psy', 'Fée']",70,85,130,75,115,95,7,570.0,95.0
Tapu Bulu,Tokotoro,"['Plante', 'Fée']",70,130,85,115,95,75,7,570.0,95.0
Tapu Fini,Tokopisco,"['Eau', 'Fée']",70,75,95,115,130,85,7,570.0,95.0
Cosmog,Cosmog,['Psy'],43,29,29,31,31,37,7,200.0,33.33
Cosmoem,Cosmovum,['Psy'],43,29,29,131,131,37,7,400.0,66.67
Solgaleo,Solgaleo,"['Psy', 'Acier']",137,137,113,107,89,97,7,680.0,113.33
Lunala,Lunala,"['Psy', 'Spectre']",137,113,137,89,107,97,7,680.0,113.33
Nihilego,Zéroïd,"['Roche', 'Poison']",109,53,127,47,131,103,7,570.0,95.0
Buzzwole,Mouscoto,"['Insecte', 'Combat']",107,139,53,139,53,79,7,570.0,95.0
Pheromosa,Cancrelove,"['Insecte', 'Combat']",71,137,137,37,37,151,7,570.0,95.0
Xurkitree,Câblifère,['Électrik'],83,89,71,173,71,83,7,570.0,95.0
Celesteela,Bamboiselle,"['Acier', 'Vol']",97,101,107,103,101,61,7,570.0,95.0
Kartana,Katagami,"['Plante', 'Acier']",59,181,59,131,31,109,7,570.0,95.0
Guzzlord,Engloutyran,"['Ténèbres', 'Dragon']",223,101,97,53,53,43,7,570.0,95.0
Necrozma,Necrozma,['Psy'],97,107,127,101,89,79,7,600.0,100.0
Magearna,Magearna,"['Acier', 'Fée']",80,95,130,115,115,65,7,600.0,100.0
Marshadow,Marshadow,"['Combat', 'Spectre']",90,125,90,80,90,125,7,600.0,100.0
Poipole,Vémini,['Poison'],67,73,73,67,67,73,7,420.0,70.0
Naganadel,Mandrillon,"['Poison', 'Dragon']",73,73,127,73,73,121,7,540.0,90.0
Stakataka,Ama-Ama,"['Roche', 'Acier']",61,131,53,211,101,13,7,570.0,95.0
Blacephalon,Pierroteknik,"['Feu', 'Spectre']",53,127,151,53,79,107,7,570.0,95.0
Zeraora,Zeraora,['Électrik'],88,112,102,75,80,143,7,600.0,100.0
Meltan,Meltan,['Acier'],46,65,55,65,35,34,7,300.0,50.0
Melmetal,Melmetal,['Acier'],135,143,80,143,65,34,7,600.0,100.0
Grookey,Ouistempo,['Plante'],50,65,40,50,40,65,8,310.0,51.67
Thwackey,Badabouin,['Plante'],70,85,55,70,60,80,8,420.0,70.0
Rillaboom,Gorythmic,['Plante'],100,125,60,90,70,85,8,530.0,88.33
Scorbunny,Flambino,['Feu'],50,71,40,40,40,69,8,310.0,51.67
Raboot,Lapyro,['Feu'],65,86,55,60,60,94,8,420.0,70.0
Cinderace,Pyrobut,['Feu'],80,116,65,75,75,119,8,530.0,88.33
Sobble,Larméléon,['Eau'],50,40,70,40,40,70,8,310.0,51.67
Drizzile,Arrozard,['Eau'],65,60,95,55,55,90,8,420.0,70.0
Inteleon,Lézargus,['Eau'],70,85,125,65,65,120,8,530.0,88.33
Skwovet,Rongourmand,['Normal'],70,55,35,55,35,25,8,275.0,45.83
Greedent,Rongrigou,['Normal'],120,95,55,95,75,20,8,460.0,76.67
Rookidee,Minisange,['Vol'],38,47,33,35,35,57,8,245.0,40.83
Corvisquire,Bleuseille,['Vol'],68,67,43,55,55,77,8,365.0,60.83
Corviknight,Corvaillus,"['Vol', 'Acier']",98,87,53,105,85,67,8,495.0,82.5
Blipbug,Larvadar,['Insecte'],25,20,25,20,45,45,8,180.0,30.0
Dottler,Coléodôme,"['Insecte', 'Psy']",50,35,50,80,90,30,8,335.0,55.83
Orbeetle,Astronelle,"['Insecte', 'Psy']",60,45,80,110,120,90,8,505.0,84.17
Nickit,Goupilou,['Ténèbres'],40,28,47,28,52,50,8,245.0,40.83
Thievul,Roublenard,['Ténèbres'],70,58,87,58,92,90,8,455.0,75.83
Gossifleur,Tournicoton,['Plante'],40,40,40,60,60,10,8,250.0,41.67
Eldegoss,Blancoton,['Plante'],60,50,80,90,120,60,8,460.0,76.67
Wooloo,Moumouton,['Normal'],42,40,40,55,45,48,8,270.0,45.0
Dubwool,Moumouflon,['Normal'],72,80,60,100,90,88,8,490.0,81.67
Chewtle,Khélocrok,['Eau'],50,64,38,50,38,44,8,284.0,47.33
Drednaw,Torgamord,"['Eau', 'Roche']",90,115,48,90,68,74,8,485.0,80.83
Yamper,Voltoutou,['Électrik'],59,45,40,50,50,26,8,270.0,45.0
Boltund,Fulgudog,['Électrik'],69,90,90,60,60,121,8,490.0,81.67
Rolycoly,Charbi,['Roche'],30,40,40,50,50,30,8,240.0,40.0
Carkol,Wagomine,"['Roche', 'Feu']",80,60,60,90,70,50,8,410.0,68.33
Coalossal,Monthracite,"['Roche', 'Feu']",110,80,80,120,90,30,8,510.0,85.0
Applin,Verpom,"['Plante', 'Dragon']",40,40,40,80,40,20,8,260.0,43.33
Flapple,Pomdrapi,"['Plante', 'Dragon']",70,110,95,80,60,70,8,485.0,80.83
Appletun,Dratatin,"['Plante', 'Dragon']",110,85,100,80,80,30,8,485.0,80.83
Silicobra,Dunaja,['Sol'],52,57,35,75,50,46,8,315.0,52.5
Sandaconda,Dunaconda,['Sol'],72,107,65,125,70,71,8,510.0,85.0
Cramorant,Nigosier,"['Vol', 'Eau']",70,85,85,55,95,85,8,475.0,79.17
Arrokuda,Embrochet,['Eau'],41,63,40,40,30,66,8,280.0,46.67
Barraskewda,Hastacuda,['Eau'],61,123,60,60,50,136,8,490.0,81.67
Toxel,Toxizap,"['Électrik', 'Poison']",40,38,54,35,35,40,8,242.0,40.33
Toxtricity,Salarsen,"['Électrik', 'Poison']",75,98,114,70,70,75,8,502.0,83.67
Sizzlipede,Grillepattes,"['Feu', 'Insecte']",50,65,50,45,50,45,8,305.0,50.83
Centiskorch,Scolocendre,"['Feu', 'Insecte']",100,115,90,65,90,65,8,525.0,87.5
Clobbopus,Poulpaf,['Combat'],50,68,50,60,50,32,8,310.0,51.67
Grapploct,Krakos,['Combat'],80,118,70,90,80,42,8,480.0,80.0
Sinistea,Théffroi,['Spectre'],40,45,74,45,54,50,8,308.0,51.33
Polteageist,Polthégeist,['Spectre'],60,65,134,65,114,70,8,508.0,84.67
Hatenna,Bibichut,['Psy'],42,30,56,45,53,39,8,265.0,44.17
Hattrem,Chapotus,['Psy'],57,40,86,65,73,49,8,370.0,61.67
Hatterene,Sorcilence,"['Psy', 'Fée']",57,90,136,95,103,29,8,510.0,85.0
Impidimp,Grimalin,"['Ténèbres', 'Fée']",45,45,55,30,40,50,8,265.0,44.17
Morgrem,Fourbelin,"['Ténèbres', 'Fée']",65,60,75,45,55,70,8,370.0,61.67
Grimmsnarl,Angoliath,"['Ténèbres', 'Fée']",95,120,95,65,75,60,8,510.0,85.0
Obstagoon,Ixon,"['Ténèbres', 'Normal']",93,90,60,101,81,95,8,520.0,86.67
Perrserker,Berserkatt,['Acier'],70,110,50,100,60,50,8,440.0,73.33
Cursola,Corayôme,['Spectre'],60,95,145,50,130,30,8,510.0,85.0
Sirfetch'd,Palarticho,['Combat'],62,135,68,95,82,65,8,507.0,84.5
Mr. Rime,M. Glaquette,"['Glace', 'Psy']",80,85,110,75,100,70,8,520.0,86.67
Runerigus,Tutétékri,"['Sol', 'Spectre']",58,95,50,145,105,30,8,483.0,80.5
Milcery,Crèmy,['Fée'],45,40,50,40,61,34,8,270.0,45.0
Alcremie,Charmilly,['Fée'],65,60,110,75,121,64,8,495.0,82.5
Falinks,Hexadron,['Combat'],65,100,70,100,60,75,8,470.0,78.33
Pincurchin,Wattapik,['Électrik'],48,101,91,95,85,15,8,435.0,72.5
Snom,Frissonille,"['Glace', 'Insecte']",30,25,45,35,30,20,8,185.0,30.83
Frosmoth,Beldeneige,"['Glace', 'Insecte']",70,65,125,60,90,65,8,475.0,79.17
Stonjourner,Dolman,['Roche'],100,125,20,135,20,70,8,470.0,78.33
Eiscue,Bekaglaçon,['Glace'],75,80,65,110,90,50,8,470.0,78.33
Indeedee,Wimessir,"['Psy', 'Normal']",60,65,105,55,95,95,8,475.0,79.17
Morpeko,Morpeko,"['Électrik', 'Ténèbres']",58,95,70,58,58,97,8,436.0,72.67
Cufant,Charibari,['Acier'],72,80,40,49,49,40,8,330.0,55.0
Copperajah,Pachyradjah,['Acier'],122,130,80,69,69,30,8,500.0,83.33
Dracozolt,Galvagon,"['Électrik', 'Dragon']",90,100,80,90,70,75,8,505.0,84.17
Arctozolt,Galvagla,"['Électrik', 'Glace']",90,100,90,90,80,55,8,505.0,84.17
Dracovish,Hydragon,"['Eau', 'Dragon']",90,90,70,100,80,75,8,505.0,84.17
Arctovish,Hydragla,"['Eau', 'Glace']",90,90,80,100,90,55,8,505.0,84.17
Duraludon,Duralugon,"['Acier', 'Dragon']",70,95,120,115,50,85,8,535.0,89.17
Dreepy,Fantyrm,"['Dragon', 'Spectre']",28,60,40,30,30,82,8,270.0,45.0
Drakloak,Dispareptil,"['Dragon', 'Spectre']",68,80,60,50,50,102,8,410.0,68.33
Dragapult,Lanssorien,"['Dragon', 'Spectre']",88,120,100,75,75,142,8,600.0,100.0
Zacian,Zacian,['Fée'],92,130,80,115,115,138,8,670.0,111.67
Zamazenta,Zamazenta,['Combat'],92,130,80,115,115,138,8,670.0,111.67
Eternatus,Éthernatos,"['Poison', 'Dragon']",140,85,145,95,95,130,8,690.0,115.0
Kubfu,Wushours,['Combat'],60,90,53,60,50,72,8,385.0,64.17
Urshifu,Shifours,"['Combat', 'Ténèbres']",100,130,63,100,60,97,8,550.0,91.67
Zarude,Zarude,"['Ténèbres', 'Plante']",105,120,70,105,95,105,8,600.0,100.0
Regieleki,Regieleki,['Électrik'],80,100,100,50,50,200,8,580.0,96.67
Regidrago,Regidrago,['Dragon'],200,100,100,50,50,80,8,580.0,96.67
Glastrier,Blizzeval,['Glace'],100,145,65,130,110,30,8,580.0,96.67
Spectrier,Spectreval,['Spectre'],100,65,145,60,80,130,8,580.0,96.67
Calyrex,Sylveroy,"['Psy', 'Plante']",100,80,80,80,80,80,8,500.0,83.33
Wyrdeer,Cerbyllin,"['Normal', 'Psy']",103,105,105,72,75,65,8,525.0,87.5
Kleavor,Hachécateur,"['Insecte', 'Roche']",70,135,45,95,70,85,8,500.0,83.33
Ursaluna,Ursaking,"['Sol', 'Normal']",130,140,45,105,80,50,8,550.0,91.67
Basculegion,Paragruel,"['Eau', 'Spectre']",120,112,80,65,75,78,8,530.0,88.33
Sneasler,Farfurex,"['Combat', 'Poison']",80,130,40,60,80,120,8,510.0,85.0
Overqwil,Qwilpik,"['Ténèbres', 'Poison']",85,115,65,95,65,85,8,510.0,85.0
Enamorus,Amovénus,"['Fée', 'Vol']",74,115,135,70,80,106,8,580.0,96.67
Sprigatito,Poussacha,['Plante'],40,61,45,54,45,65,9,310.0,51.67
Floragato,Matourgeon,['Plante'],61,80,60,63,63,83,9,410.0,68.33
Meowscarada,Miascarade,"['Plante', 'Ténèbres']",76,110,81,70,70,123,9,530.0,88.33
Fuecoco,Chochodile,['Feu'],67,45,63,59,40,36,9,310.0,51.67
Crocalor,Crocogril,['Feu'],81,55,90,78,58,49,9,411.0,68.5
Skeledirge,Flâmigator,"['Feu', 'Spectre']",104,75,110,100,75,66,9,530.0,88.33
Quaxly,Coiffeton,['Eau'],55,65,50,45,45,50,9,310.0,51.67
Quaxwell,Canarbello,['Eau'],70,85,65,65,60,65,9,410.0,68.33
Quaquaval,Palmaval,"['Eau', 'Combat']",85,120,85,80,75,85,9,530.0,88.33
Lechonk,Gourmelet,['Normal'],54,45,35,40,45,35,9,254.0,42.33
Oinkologne,Fragroin,['Normal'],110,100,59,75,80,65,9,489.0,81.5
Tarountula,Tissenboule,['Insecte'],35,41,29,45,40,20,9,210.0,35.0
Spidops,Filentrappe,['Insecte'],60,79,52,92,86,35,9,404.0,67.33
Nymble,Lilliterelle,['Insecte'],33,46,21,40,25,45,9,210.0,35.0
Lokix,Gambex,"['Insecte', 'Ténèbres']",71,102,52,78,55,92,9,450.0,75.0
Pawmi,Pohm,['Électrik'],45,50,40,20,25,60,9,240.0,40.0
Pawmo,Pohmotte,"['Électrik', 'Combat']",60,75,50,40,40,85,9,350.0,58.33
Pawmot,Pohmarmotte,"['Électrik', 'Combat']",70,115,70,70,60,105,9,490.0,81.67
Tandemaus,Compagnol,['Normal'],50,50,40,45,45,75,9,305.0,50.83
Maushold,Famignol,['Normal'],74,75,65,70,75,111,9,470.0,78.33
Fidough,Pâtachiot,['Fée'],37,55,30,70,55,65,9,312.0,52.0
Dachsbun,Briochien,['Fée'],57,80,50,115,80,95,9,477.0,79.5
Smoliv,Olivini,"['Plante', 'Normal']",41,35,58,45,51,30,9,260.0,43.33
Dolliv,Olivado,"['Plante', 'Normal']",52,53,78,60,78,33,9,354.0,59.0
Arboliva,Arboliva,"['Plante', 'Normal']",78,69,125,90,109,39,9,510.0,85.0
Squawkabilly,Tapatoès,"['Normal', 'Vol']",82,96,45,51,51,92,9,417.0,69.5
Nacli,Selutin,['Roche'],55,55,35,75,35,25,9,280.0,46.67
Naclstack,Amassel,['Roche'],60,60,35,100,65,35,9,355.0,59.17
Garganacl,Gigansel,['Roche'],100,100,45,130,90,35,9,500.0,83.33
Charcadet,Charbambin,['Feu'],40,50,50,40,40,35,9,255.0,42.5
Armarouge,Carmadura,"['Feu', 'Psy']",85,60,125,100,80,75,9,525.0,87.5
Ceruledge,Malvalame,"['Feu', 'Spectre']",75,125,60,80,100,85,9,525.0,87.5
Tadbulb,Têtampoule,['Électrik'],61,31,59,41,35,45,9,272.0,45.33
Bellibolt,Ampibidou,['Électrik'],109,64,103,91,83,45,9,495.0,82.5
Wattrel,Zapétrel,"['Électrik', 'Vol']",40,40,55,35,40,70,9,280.0,46.67
Kilowattrel,Fulgulairo,"['Électrik', 'Vol']",70,70,105,60,60,125,9,490.0,81.67
Maschiff,Grondogue,['Ténèbres'],60,78,40,60,51,51,9,340.0,56.67
Mabosstiff,Dogrino,['Ténèbres'],80,120,60,90,70,85,9,505.0,84.17
Shroodle,Gribouraigne,"['Poison', 'Normal']",40,65,40,35,35,75,9,290.0,48.33
Grafaiai,Tag-Tag,"['Poison', 'Normal']",63,95,80,65,72,110,9,485.0,80.83
Bramblin,Virovent,"['Plante', 'Spectre']",40,65,45,30,35,60,9,275.0,45.83
Brambleghast,Virevorreur,"['Plante', 'Spectre']",55,115,80,70,70,90,9,480.0,80.0
Toedscool,Terracool,"['Sol', 'Plante']",40,40,50,35,100,70,9,335.0,55.83
Toedscruel,Terracruel,"['Sol', 'Plante']",80,70,80,65,120,100,9,515.0,85.83
Klawf,Craparoi,['Roche'],70,100,35,115,55,75,9,450.0,75.0
Capsakid,Pimito,['Plante'],52,62,62,40,40,50,9,306.0,51.0
Scovillain,Scovilain,"['Plante', 'Feu']",65,108,108,65,65,75,9,486.0,81.0
Rellor,Léboulérou,['Insecte'],41,50,31,60,58,30,9,270.0,45.0
Rabsca,Bérasca,"['Insecte', 'Psy']",75,50,115,85,100,45,9,470.0,78.33
Flittle,Flotillon,['Psy'],30,35,55,30,30,75,9,255.0,42.5
Espathra,Cléopsytra,['Psy'],95,60,101,60,60,105,9,481.0,80.17
Tinkatink,Forgerette,"['Fée', 'Acier']",50,45,35,45,64,58,9,297.0,49.5
Tinkatuff,Forgella,"['Fée', 'Acier']",65,55,45,55,82,78,9,380.0,63.33
Tinkaton,Forgelina,"['Fée', 'Acier']",85,75,70,77,105,94,9,506.0,84.33
Wiglett,Taupikeau,['Eau'],10,55,35,25,25,95,9,245.0,40.83
Wugtrio,Triopikeau,['Eau'],35,100,50,50,70,120,9,425.0,70.83
Bombirdier,Lestombaile,"['Vol', 'Ténèbres']",70,103,60,85,85,82,9,485.0,80.83
Finizen,Dofin,['Eau'],70,45,45,40,40,75,9,315.0,52.5
Palafin,Superdofin,['Eau'],100,70,53,72,62,100,9,457.0,76.17
Varoom,Vrombi,"['Acier', 'Poison']",45,70,30,63,45,47,9,300.0,50.0
Revavroom,Vrombotor,"['Acier', 'Poison']",80,119,54,90,67,90,9,500.0,83.33
Cyclizar,Motorizard,"['Dragon', 'Normal']",70,95,85,65,65,121,9,501.0,83.5
Orthworm,Ferdeter,['Acier'],70,85,60,145,55,65,9,480.0,80.0
Glimmet,Germéclat,"['Roche', 'Poison']",48,35,105,42,60,60,9,350.0,58.33
Glimmora,Floréclat,"['Roche', 'Poison']",83,55,130,90,81,86,9,525.0,87.5
Greavard,Toutombe,['Spectre'],50,61,30,60,55,34,9,290.0,48.33
Houndstone,Tomberro,['Spectre'],72,101,50,100,97,68,9,488.0,81.33
Flamigo,Flamenroule,"['Vol', 'Combat']",82,115,75,74,64,90,9,500.0,83.33
Cetoddle,Piétacé,['Glace'],108,68,30,45,40,43,9,334.0,55.67
Cetitan,Balbalèze,['Glace'],170,113,45,65,55,73,9,521.0,86.83
Veluza,Délestin,"['Eau', 'Psy']",90,102,78,73,65,70,9,478.0,79.67
Dondozo,Oyacata,['Eau'],150,100,65,115,65,35,9,530.0,88.33
Tatsugiri,Nigirigon,"['Dragon', 'Eau']",68,50,120,60,95,82,9,475.0,79.17
Annihilape,Courrousinge,"['Combat', 'Spectre']",110,115,50,80,90,90,9,535.0,89.17
Clodsire,Terraiste,"['Poison', 'Sol']",130,75,45,60,100,20,9,430.0,71.67
Farigiraf,Farigiraf,"['Normal', 'Psy']",120,90,110,70,70,60,9,520.0,86.67
Dudunsparce,Deusolourdo,['Normal'],125,100,85,80,75,55,9,520.0,86.67
Kingambit,Scalpereur,"['Ténèbres', 'Acier']",100,135,60,120,85,50,9,550.0,91.67
Great Tusk,Fort-Ivoire,"['Sol', 'Combat']",115,131,53,131,53,87,9,570.0,95.0
Scream Tail,Hurle-Queue,"['Fée', 'Psy']",115,65,65,99,115,111,9,570.0,95.0
Brute Bonnet,Fongus-Furie,"['Plante', 'Ténèbres']",111,127,79,99,99,55,9,570.0,95.0
Flutter Mane,Flotte-Mèche,"['Spectre', 'Fée']",55,55,135,55,135,135,9,570.0,95.0
Slither Wing,Rampe-Ailes,"['Insecte', 'Combat']",85,135,85,79,105,81,9,570.0,95.0
Sandy Shocks,Pelage-Sablé,"['Électrik', 'Sol']",85,81,121,97,85,101,9,570.0,95.0
Iron Treads,Roue-de-Fer,"['Sol', 'Acier']",90,112,72,120,70,106,9,570.0,95.0
Iron Bundle,Hotte-de-Fer,"['Glace', 'Eau']",56,80,124,114,60,136,9,570.0,95.0
Iron Hands,Paume-de-Fer,"['Combat', 'Électrik']",154,140,50,108,68,50,9,570.0,95.0
Iron Jugulis,Têtes-de-Fer,"['Ténèbres', 'Vol']",94,80,122,86,80,108,9,570.0,95.0
Iron Moth,Mite-de-Fer,"['Feu', 'Poison']",80,70,140,60,110,110,9,570.0,95.0
Iron Thorns,Épine-de-Fer,"['Roche', 'Électrik']",100,134,70,110,84,72,9,570.0,95.0
Frigibax,Frigodo,"['Dragon', 'Glace']",65,75,35,45,45,55,9,320.0,53.33
Arctibax,Cryodo,"['Dragon', 'Glace']",90,95,45,66,65,62,9,423.0,70.5
Baxcalibur,Glaivodo,"['Dragon', 'Glace']",115,145,75,92,86,87,9,600.0,100.0
Gimmighoul,Mordudor,['Spectre'],45,30,75,70,70,10,9,300.0,50.0
Gholdengo,Gromago,"['Acier', 'Spectre']",87,60,133,95,91,84,9,550.0,91.67
Wo-Chien,Chongjian,"['Ténèbres', 'Plante']",85,85,95,100,135,70,9,570.0,95.0
Chien-Pao,Baojian,"['Ténèbres', 'Glace']",80,120,90,80,65,135,9,570.0,95.0
Ting-Lu,Dinglu,"['Ténèbres', 'Sol']",155,110,55,125,80,45,9,570.0,95.0
Chi-Yu,Yuyu,"['Ténèbres', 'Feu']",55,80,135,80,120,100,9,570.0,95.0
Roaring Moon,Rugit-Lune,"['Dragon', 'Ténèbres']",105,139,55,71,101,119,9,590.0,98.33
Iron Valiant,Garde-de-Fer,"['Fée', 'Combat']",74,130,120,90,60,116,9,590.0,98.33
Koraidon,Koraidon,"['Combat', 'Dragon']",100,135,85,115,100,135,9,670.0,111.67
Miraidon,Miraidon,"['Électrik', 'Dragon']",100,85,135,100,115,135,9,670.0,111.67
Walking Wake,Serpente-Eau,"['Eau', 'Dragon']",99,83,125,91,83,109,9,590.0,98.33
Iron Leaves,Vert-de-Fer,"['Plante', 'Psy']",90,130,70,88,108,104,9,590.0,98.33
Dipplin,Pomdramour,"['Plante', 'Dragon']",80,80,95,110,80,40,9,485.0,80.83
Poltchageist,Poltchageist,"['Plante', 'Spectre']",40,45,74,45,54,50,9,308.0,51.33
Sinistcha,Théffroyable,"['Plante', 'Spectre']",71,60,121,106,80,70,9,508.0,84.67
Okidogi,Félicanis,"['Poison', 'Combat']",88,128,58,115,86,80,9,555.0,92.5
Munkidori,Fortusimia,"['Poison', 'Psy']",88,75,130,66,90,106,9,555.0,92.5
Fezandipiti,Favianos,"['Poison', 'Fée']",88,91,70,82,125,99,9,555.0,92.5
Ogerpon,Ogerpon,['Plante'],80,120,60,84,96,110,9,550.0,91.67
Archaludon,Pondralugon,"['Acier', 'Dragon']",90,105,125,130,65,85,9,600.0,100.0
Hydrapple,Pomdorochi,"['Plante', 'Dragon']",106,80,120,110,80,44,9,540.0,90.0
Gouging Fire,Feu-Perçant,"['Feu', 'Dragon']",105,115,65,121,93,91,9,590.0,98.33
Raging Bolt,Ire-Foudre,"['Électrik', 'Dragon']",125,73,137,91,89,75,9,590.0,98.33
Iron Boulder,Roc-de-Fer,"['Roche', 'Psy']",90,120,68,80,108,124,9,590.0,98.33
Iron Crown,Chef-de-Fer,"['Acier', 'Psy']",90,72,122,100,108,98,9,590.0,98.33
Terapagos,Terapagos,['Normal'],90,65,65,85,85,60,9,450.0,75.0
Pecharunt,Pêchaminus,"['Poison', 'Spectre']",88,88,88,160,88,88,9,600.0,100.0
